point,sample,calls,wall_ns,p_cycles,p_instructions,p_ns,e_cycles,e_instructions,e_ns
1 x 64 B,0,20064,1540185,,,,,,
1 x 64 B,1,20064,1535790,,,,,,
1 x 64 B,2,20064,1551154,,,,,,
1 x 64 B,3,20064,1538848,,,,,,
1 x 64 B,4,20064,1534921,,,,,,
1 x 64 B,5,20064,1541646,,,,,,
1 x 64 B,6,20064,1534712,,,,,,
1 x 64 B,7,20064,1537515,,,,,,
1 x 64 B,8,20064,1531951,,,,,,
1 x 64 B,9,20064,1532867,,,,,,
1 x 64 B,10,20064,1531007,,,,,,
1 x 64 B,11,20064,1531272,,,,,,
1 x 64 B,12,20064,1530688,,,,,,
1 x 64 B,13,20064,1530855,,,,,,
1 x 64 B,14,20064,1532913,,,,,,
1 x 64 B,15,20064,1537774,,,,,,
1 x 64 B,16,20064,1534495,,,,,,
1 x 64 B,17,20064,1532306,,,,,,
1 x 64 B,18,20064,1533692,,,,,,
1 x 64 B,19,20064,1533460,,,,,,
1 x 64 B,20,20064,1558781,,,,,,
1 x 64 B,21,20064,1539300,,,,,,
1 x 64 B,22,20064,1549887,,,,,,
1 x 64 B,23,20064,1528889,,,,,,
1 x 64 B,24,20064,1531900,,,,,,
1 x 64 B,25,20064,1530570,,,,,,
1 x 64 B,26,20064,1530438,,,,,,
1 x 64 B,27,20064,1530568,,,,,,
1 x 64 B,28,20064,1530784,,,,,,
1 x 64 B,29,20064,1532840,,,,,,
1 x 64 B,30,20064,1530836,,,,,,
1 x 64 B,31,20064,1531615,,,,,,
3 x 64 B,0,10701,1738567,,,,,,
3 x 64 B,1,10701,2118371,,,,,,
3 x 64 B,2,10701,1744171,,,,,,
3 x 64 B,3,10701,1739988,,,,,,
3 x 64 B,4,10701,1739080,,,,,,
3 x 64 B,5,10701,1738922,,,,,,
3 x 64 B,6,10701,1735945,,,,,,
3 x 64 B,7,10701,1743555,,,,,,
3 x 64 B,8,10701,1742101,,,,,,
3 x 64 B,9,10701,1741519,,,,,,
3 x 64 B,10,10701,1738538,,,,,,
3 x 64 B,11,10701,1743227,,,,,,
3 x 64 B,12,10701,1744963,,,,,,
3 x 64 B,13,10701,1738717,,,,,,
3 x 64 B,14,10701,1745011,,,,,,
3 x 64 B,15,10701,1745520,,,,,,
3 x 64 B,16,10701,1753953,,,,,,
3 x 64 B,17,10701,1750945,,,,,,
3 x 64 B,18,10701,1751240,,,,,,
3 x 64 B,19,10701,1742903,,,,,,
3 x 64 B,20,10701,1741376,,,,,,
3 x 64 B,21,10701,1736489,,,,,,
3 x 64 B,22,10701,1738227,,,,,,
3 x 64 B,23,10701,1743751,,,,,,
3 x 64 B,24,10701,1738062,,,,,,
3 x 64 B,25,10701,1740540,,,,,,
3 x 64 B,26,10701,1746212,,,,,,
3 x 64 B,27,10701,1743939,,,,,,
3 x 64 B,28,10701,1740508,,,,,,
3 x 64 B,29,10701,1741551,,,,,,
3 x 64 B,30,10701,1748665,,,,,,
3 x 64 B,31,10701,1745475,,,,,,
4 x 64 B,0,9814,1789206,,,,,,
4 x 64 B,1,9814,1799301,,,,,,
4 x 64 B,2,9814,1785678,,,,,,
4 x 64 B,3,9814,1783094,,,,,,
4 x 64 B,4,9814,1797852,,,,,,
4 x 64 B,5,9814,1778973,,,,,,
4 x 64 B,6,9814,1785303,,,,,,
4 x 64 B,7,9814,1776003,,,,,,
4 x 64 B,8,9814,1792027,,,,,,
4 x 64 B,9,9814,1798866,,,,,,
4 x 64 B,10,9814,1777404,,,,,,
4 x 64 B,11,9814,1775709,,,,,,
4 x 64 B,12,9814,1770808,,,,,,
4 x 64 B,13,9814,1772851,,,,,,
4 x 64 B,14,9814,1772994,,,,,,
4 x 64 B,15,9814,1765691,,,,,,
4 x 64 B,16,9814,1783389,,,,,,
4 x 64 B,17,9814,1783494,,,,,,
4 x 64 B,18,9814,1777640,,,,,,
4 x 64 B,19,9814,1766842,,,,,,
4 x 64 B,20,9814,1784274,,,,,,
4 x 64 B,21,9814,1777071,,,,,,
4 x 64 B,22,9814,1772325,,,,,,
4 x 64 B,23,9814,1772429,,,,,,
4 x 64 B,24,9814,1772386,,,,,,
4 x 64 B,25,9814,1780074,,,,,,
4 x 64 B,26,9814,1783941,,,,,,
4 x 64 B,27,9814,1776943,,,,,,
4 x 64 B,28,9814,1778622,,,,,,
4 x 64 B,29,9814,1788671,,,,,,
4 x 64 B,30,9814,1772873,,,,,,
4 x 64 B,31,9814,1772363,,,,,,
6 x 64 B,0,6843,1856058,,,,,,
6 x 64 B,1,6843,1864806,,,,,,
6 x 64 B,2,6843,1856042,,,,,,
6 x 64 B,3,6843,1867637,,,,,,
6 x 64 B,4,6843,1865917,,,,,,
6 x 64 B,5,6843,1859533,,,,,,
6 x 64 B,6,6843,1862254,,,,,,
6 x 64 B,7,6843,1854991,,,,,,
6 x 64 B,8,6843,1880352,,,,,,
6 x 64 B,9,6843,1882272,,,,,,
6 x 64 B,10,6843,1866647,,,,,,
6 x 64 B,11,6843,1883397,,,,,,
6 x 64 B,12,6843,1877323,,,,,,
6 x 64 B,13,6843,1860009,,,,,,
6 x 64 B,14,6843,1876390,,,,,,
6 x 64 B,15,6843,1850424,,,,,,
6 x 64 B,16,6843,1858551,,,,,,
6 x 64 B,17,6843,1879104,,,,,,
6 x 64 B,18,6843,1878626,,,,,,
6 x 64 B,19,6843,1865627,,,,,,
6 x 64 B,20,6843,1864933,,,,,,
6 x 64 B,21,6843,1889736,,,,,,
6 x 64 B,22,6843,1867421,,,,,,
6 x 64 B,23,6843,1866377,,,,,,
6 x 64 B,24,6843,1860847,,,,,,
6 x 64 B,25,6843,1867526,,,,,,
6 x 64 B,26,6843,1866569,,,,,,
6 x 64 B,27,6843,1854232,,,,,,
6 x 64 B,28,6843,1878191,,,,,,
6 x 64 B,29,6843,1861709,,,,,,
6 x 64 B,30,6843,1860251,,,,,,
6 x 64 B,31,6843,1870854,,,,,,
8 x 64 B,0,7886,1814765,,,,,,
8 x 64 B,1,7886,1817406,,,,,,
8 x 64 B,2,7886,1825823,,,,,,
8 x 64 B,3,7886,1828600,,,,,,
8 x 64 B,4,7886,1822114,,,,,,
8 x 64 B,5,7886,1821848,,,,,,
8 x 64 B,6,7886,1827512,,,,,,
8 x 64 B,7,7886,1830595,,,,,,
8 x 64 B,8,7886,1831765,,,,,,
8 x 64 B,9,7886,1825988,,,,,,
8 x 64 B,10,7886,1827519,,,,,,
8 x 64 B,11,7886,1815027,,,,,,
8 x 64 B,12,7886,1826217,,,,,,
8 x 64 B,13,7886,1822870,,,,,,
8 x 64 B,14,7886,1818132,,,,,,
8 x 64 B,15,7886,1817614,,,,,,
8 x 64 B,16,7886,1820514,,,,,,
8 x 64 B,17,7886,1827894,,,,,,
8 x 64 B,18,7886,1827442,,,,,,
8 x 64 B,19,7886,1832366,,,,,,
8 x 64 B,20,7886,1818310,,,,,,
8 x 64 B,21,7886,1827306,,,,,,
8 x 64 B,22,7886,1824761,,,,,,
8 x 64 B,23,7886,1823252,,,,,,
8 x 64 B,24,7886,1845703,,,,,,
8 x 64 B,25,7886,1823906,,,,,,
8 x 64 B,26,7886,1824852,,,,,,
8 x 64 B,27,7886,1827158,,,,,,
8 x 64 B,28,7886,1831995,,,,,,
8 x 64 B,29,7886,1820225,,,,,,
8 x 64 B,30,7886,1832906,,,,,,
8 x 64 B,31,7886,1818991,,,,,,
12 x 64 B,0,4797,1898023,,,,,,
12 x 64 B,1,4797,1891428,,,,,,
12 x 64 B,2,4797,1902196,,,,,,
12 x 64 B,3,4797,1898066,,,,,,
12 x 64 B,4,4797,1895132,,,,,,
12 x 64 B,5,4797,1896682,,,,,,
12 x 64 B,6,4797,1896889,,,,,,
12 x 64 B,7,4797,1888770,,,,,,
12 x 64 B,8,4797,1896662,,,,,,
12 x 64 B,9,4797,1895925,,,,,,
12 x 64 B,10,4797,1899350,,,,,,
12 x 64 B,11,4797,1888663,,,,,,
12 x 64 B,12,4797,1889975,,,,,,
12 x 64 B,13,4797,1894759,,,,,,
12 x 64 B,14,4797,1903567,,,,,,
12 x 64 B,15,4797,1894627,,,,,,
12 x 64 B,16,4797,1896813,,,,,,
12 x 64 B,17,4797,1896021,,,,,,
12 x 64 B,18,4797,1896951,,,,,,
12 x 64 B,19,4797,1899567,,,,,,
12 x 64 B,20,4797,1896620,,,,,,
12 x 64 B,21,4797,1889161,,,,,,
12 x 64 B,22,4797,1896957,,,,,,
12 x 64 B,23,4797,1895028,,,,,,
12 x 64 B,24,4797,1896960,,,,,,
12 x 64 B,25,4797,1897145,,,,,,
12 x 64 B,26,4797,1888701,,,,,,
12 x 64 B,27,4797,1889403,,,,,,
12 x 64 B,28,4797,1894986,,,,,,
12 x 64 B,29,4797,1889634,,,,,,
12 x 64 B,30,4797,1890509,,,,,,
12 x 64 B,31,4797,1899742,,,,,,
16 x 64 B,0,4251,1906291,,,,,,
16 x 64 B,1,4251,1907243,,,,,,
16 x 64 B,2,4251,1902204,,,,,,
16 x 64 B,3,4251,1894304,,,,,,
16 x 64 B,4,4251,1897785,,,,,,
16 x 64 B,5,4251,1895953,,,,,,
16 x 64 B,6,4251,1896185,,,,,,
16 x 64 B,7,4251,1893564,,,,,,
16 x 64 B,8,4251,1893978,,,,,,
16 x 64 B,9,4251,1896807,,,,,,
16 x 64 B,10,4251,1895513,,,,,,
16 x 64 B,11,4251,1893543,,,,,,
16 x 64 B,12,4251,1897261,,,,,,
16 x 64 B,13,4251,1893647,,,,,,
16 x 64 B,14,4251,1896840,,,,,,
16 x 64 B,15,4251,1898071,,,,,,
16 x 64 B,16,4251,1893570,,,,,,
16 x 64 B,17,4251,1894353,,,,,,
16 x 64 B,18,4251,1893911,,,,,,
16 x 64 B,19,4251,1895949,,,,,,
16 x 64 B,20,4251,1893352,,,,,,
16 x 64 B,21,4251,1896194,,,,,,
16 x 64 B,22,4251,1893133,,,,,,
16 x 64 B,23,4251,1893070,,,,,,
16 x 64 B,24,4251,1893518,,,,,,
16 x 64 B,25,4251,1905190,,,,,,
16 x 64 B,26,4251,1897081,,,,,,
16 x 64 B,27,4251,1893349,,,,,,
16 x 64 B,28,4251,1893405,,,,,,
16 x 64 B,29,4251,1896098,,,,,,
16 x 64 B,30,4251,1891488,,,,,,
16 x 64 B,31,4251,1895291,,,,,,
24 x 64 B,0,2929,1935341,,,,,,
24 x 64 B,1,2929,1936137,,,,,,
24 x 64 B,2,2929,1938512,,,,,,
24 x 64 B,3,2929,1936254,,,,,,
24 x 64 B,4,2929,1938146,,,,,,
24 x 64 B,5,2929,1942229,,,,,,
24 x 64 B,6,2929,1938642,,,,,,
24 x 64 B,7,2929,1938294,,,,,,
24 x 64 B,8,2929,1943433,,,,,,
24 x 64 B,9,2929,1940763,,,,,,
24 x 64 B,10,2929,1945438,,,,,,
24 x 64 B,11,2929,1936164,,,,,,
24 x 64 B,12,2929,1936188,,,,,,
24 x 64 B,13,2929,1936611,,,,,,
24 x 64 B,14,2929,1947997,,,,,,
24 x 64 B,15,2929,1939398,,,,,,
24 x 64 B,16,2929,1943189,,,,,,
24 x 64 B,17,2929,1941285,,,,,,
24 x 64 B,18,2929,1948513,,,,,,
24 x 64 B,19,2929,1944243,,,,,,
24 x 64 B,20,2929,1942860,,,,,,
24 x 64 B,21,2929,1945230,,,,,,
24 x 64 B,22,2929,1938710,,,,,,
24 x 64 B,23,2929,1942699,,,,,,
24 x 64 B,24,2929,1941581,,,,,,
24 x 64 B,25,2929,2005847,,,,,,
24 x 64 B,26,2929,1940796,,,,,,
24 x 64 B,27,2929,1948432,,,,,,
24 x 64 B,28,2929,1925510,,,,,,
24 x 64 B,29,2929,1936424,,,,,,
24 x 64 B,30,2929,1932797,,,,,,
24 x 64 B,31,2929,1941712,,,,,,
64 x 64 B,0,1139,1975692,,,,,,
64 x 64 B,1,1139,1975665,,,,,,
64 x 64 B,2,1139,1976152,,,,,,
64 x 64 B,3,1139,1975965,,,,,,
64 x 64 B,4,1139,1978647,,,,,,
64 x 64 B,5,1139,1978559,,,,,,
64 x 64 B,6,1139,1976002,,,,,,
64 x 64 B,7,1139,1976787,,,,,,
64 x 64 B,8,1139,1980285,,,,,,
64 x 64 B,9,1139,1979816,,,,,,
64 x 64 B,10,1139,1976560,,,,,,
64 x 64 B,11,1139,1978506,,,,,,
64 x 64 B,12,1139,1977864,,,,,,
64 x 64 B,13,1139,1982155,,,,,,
64 x 64 B,14,1139,1979722,,,,,,
64 x 64 B,15,1139,1977972,,,,,,
64 x 64 B,16,1139,1980492,,,,,,
64 x 64 B,17,1139,1988874,,,,,,
64 x 64 B,18,1139,1982163,,,,,,
64 x 64 B,19,1139,1978862,,,,,,
64 x 64 B,20,1139,1980275,,,,,,
64 x 64 B,21,1139,1978326,,,,,,
64 x 64 B,22,1139,1979524,,,,,,
64 x 64 B,23,1139,1978993,,,,,,
64 x 64 B,24,1139,1976988,,,,,,
64 x 64 B,25,1139,1977507,,,,,,
64 x 64 B,26,1139,1978136,,,,,,
64 x 64 B,27,1139,1977306,,,,,,
64 x 64 B,28,1139,1977443,,,,,,
64 x 64 B,29,1139,1977366,,,,,,
64 x 64 B,30,1139,1975965,,,,,,
64 x 64 B,31,1139,1977109,,,,,,
128 x 64 B,0,577,1991179,,,,,,
128 x 64 B,1,577,1989922,,,,,,
128 x 64 B,2,577,1990681,,,,,,
128 x 64 B,3,577,1988505,,,,,,
128 x 64 B,4,577,1990328,,,,,,
128 x 64 B,5,577,1989708,,,,,,
128 x 64 B,6,577,1989231,,,,,,
128 x 64 B,7,577,1989047,,,,,,
128 x 64 B,8,577,1988808,,,,,,
128 x 64 B,9,577,1990541,,,,,,
128 x 64 B,10,577,1990259,,,,,,
128 x 64 B,11,577,1988576,,,,,,
128 x 64 B,12,577,1989664,,,,,,
128 x 64 B,13,577,1988324,,,,,,
128 x 64 B,14,577,1989632,,,,,,
128 x 64 B,15,577,1990533,,,,,,
128 x 64 B,16,577,1990212,,,,,,
128 x 64 B,17,577,1988465,,,,,,
128 x 64 B,18,577,1988484,,,,,,
128 x 64 B,19,577,1988696,,,,,,
128 x 64 B,20,577,1994189,,,,,,
128 x 64 B,21,577,1990644,,,,,,
128 x 64 B,22,577,1989370,,,,,,
128 x 64 B,23,577,1992824,,,,,,
128 x 64 B,24,577,1997290,,,,,,
128 x 64 B,25,577,1995077,,,,,,
128 x 64 B,26,577,1999346,,,,,,
128 x 64 B,27,577,1988082,,,,,,
128 x 64 B,28,577,1984617,,,,,,
128 x 64 B,29,577,1985282,,,,,,
128 x 64 B,30,577,1983787,,,,,,
128 x 64 B,31,577,1986587,,,,,,
129 x 64 B,0,567,1987904,,,,,,
129 x 64 B,1,567,1988516,,,,,,
129 x 64 B,2,567,1990285,,,,,,
129 x 64 B,3,567,1987980,,,,,,
129 x 64 B,4,567,1988207,,,,,,
129 x 64 B,5,567,2359362,,,,,,
129 x 64 B,6,567,1988402,,,,,,
129 x 64 B,7,567,1990072,,,,,,
129 x 64 B,8,567,1990376,,,,,,
129 x 64 B,9,567,1990088,,,,,,
129 x 64 B,10,567,1989921,,,,,,
129 x 64 B,11,567,1989867,,,,,,
129 x 64 B,12,567,1989313,,,,,,
129 x 64 B,13,567,1988914,,,,,,
129 x 64 B,14,567,1990685,,,,,,
129 x 64 B,15,567,1989959,,,,,,
129 x 64 B,16,567,1990243,,,,,,
129 x 64 B,17,567,1990286,,,,,,
129 x 64 B,18,567,1989324,,,,,,
129 x 64 B,19,567,1989517,,,,,,
129 x 64 B,20,567,1989886,,,,,,
129 x 64 B,21,567,1988832,,,,,,
129 x 64 B,22,567,1989353,,,,,,
129 x 64 B,23,567,1991232,,,,,,
129 x 64 B,24,567,1989680,,,,,,
129 x 64 B,25,567,2024914,,,,,,
129 x 64 B,26,567,2013715,,,,,,
129 x 64 B,27,567,2001281,,,,,,
129 x 64 B,28,567,1995904,,,,,,
129 x 64 B,29,567,1994705,,,,,,
129 x 64 B,30,567,1990990,,,,,,
129 x 64 B,31,567,1998228,,,,,,
1024 x 64 B,0,72,2016300,,,,,,
1024 x 64 B,1,72,2013122,,,,,,
1024 x 64 B,2,72,2013167,,,,,,
1024 x 64 B,3,72,2012058,,,,,,
1024 x 64 B,4,72,2012340,,,,,,
1024 x 64 B,5,72,2012115,,,,,,
1024 x 64 B,6,72,2011781,,,,,,
1024 x 64 B,7,72,2012471,,,,,,
1024 x 64 B,8,72,2013559,,,,,,
1024 x 64 B,9,72,2012222,,,,,,
1024 x 64 B,10,72,2012514,,,,,,
1024 x 64 B,11,72,2012984,,,,,,
1024 x 64 B,12,72,2012175,,,,,,
1024 x 64 B,13,72,2011952,,,,,,
1024 x 64 B,14,72,2011899,,,,,,
1024 x 64 B,15,72,2012780,,,,,,
1024 x 64 B,16,72,2011459,,,,,,
1024 x 64 B,17,72,2011870,,,,,,
1024 x 64 B,18,72,2011570,,,,,,
1024 x 64 B,19,72,2011691,,,,,,
1024 x 64 B,20,72,2011800,,,,,,
1024 x 64 B,21,72,2012630,,,,,,
1024 x 64 B,22,72,2012409,,,,,,
1024 x 64 B,23,72,2012769,,,,,,
1024 x 64 B,24,72,2012951,,,,,,
1024 x 64 B,25,72,2023121,,,,,,
1024 x 64 B,26,72,2012913,,,,,,
1024 x 64 B,27,72,2012670,,,,,,
1024 x 64 B,28,72,2012575,,,,,,
1024 x 64 B,29,72,2011804,,,,,,
1024 x 64 B,30,72,2012660,,,,,,
1024 x 64 B,31,72,2012064,,,,,,
1 x 256 B,0,7373,1848091,,,,,,
1 x 256 B,1,7373,1855774,,,,,,
1 x 256 B,2,7373,1847840,,,,,,
1 x 256 B,3,7373,1851610,,,,,,
1 x 256 B,4,7373,1848010,,,,,,
1 x 256 B,5,7373,1870953,,,,,,
1 x 256 B,6,7373,1855461,,,,,,
1 x 256 B,7,7373,1856116,,,,,,
1 x 256 B,8,7373,1843652,,,,,,
1 x 256 B,9,7373,1848808,,,,,,
1 x 256 B,10,7373,1851082,,,,,,
1 x 256 B,11,7373,1851378,,,,,,
1 x 256 B,12,7373,1843947,,,,,,
1 x 256 B,13,7373,1849780,,,,,,
1 x 256 B,14,7373,1845009,,,,,,
1 x 256 B,15,7373,1851471,,,,,,
1 x 256 B,16,7373,1848345,,,,,,
1 x 256 B,17,7373,1847727,,,,,,
1 x 256 B,18,7373,1848666,,,,,,
1 x 256 B,19,7373,1849972,,,,,,
1 x 256 B,20,7373,1846442,,,,,,
1 x 256 B,21,7373,1846328,,,,,,
1 x 256 B,22,7373,1860800,,,,,,
1 x 256 B,23,7373,1843642,,,,,,
1 x 256 B,24,7373,1849160,,,,,,
1 x 256 B,25,7373,1848351,,,,,,
1 x 256 B,26,7373,1849320,,,,,,
1 x 256 B,27,7373,1852975,,,,,,
1 x 256 B,28,7373,1845332,,,,,,
1 x 256 B,29,7373,1850505,,,,,,
1 x 256 B,30,7373,1843250,,,,,,
1 x 256 B,31,7373,1845031,,,,,,
3 x 256 B,0,2860,2307073,,,,,,
3 x 256 B,1,2860,1932741,,,,,,
3 x 256 B,2,2860,1929912,,,,,,
3 x 256 B,3,2860,1923743,,,,,,
3 x 256 B,4,2860,1930425,,,,,,
3 x 256 B,5,2860,1941224,,,,,,
3 x 256 B,6,2860,1919959,,,,,,
3 x 256 B,7,2860,1923268,,,,,,
3 x 256 B,8,2860,1942898,,,,,,
3 x 256 B,9,2860,1922840,,,,,,
3 x 256 B,10,2860,1928270,,,,,,
3 x 256 B,11,2860,1926471,,,,,,
3 x 256 B,12,2860,1924592,,,,,,
3 x 256 B,13,2860,1941187,,,,,,
3 x 256 B,14,2860,1936998,,,,,,
3 x 256 B,15,2860,1929240,,,,,,
3 x 256 B,16,2860,1949812,,,,,,
3 x 256 B,17,2860,1932907,,,,,,
3 x 256 B,18,2860,1913784,,,,,,
3 x 256 B,19,2860,1938452,,,,,,
3 x 256 B,20,2860,1931542,,,,,,
3 x 256 B,21,2860,1915240,,,,,,
3 x 256 B,22,2860,1931517,,,,,,
3 x 256 B,23,2860,1919013,,,,,,
3 x 256 B,24,2860,1920315,,,,,,
3 x 256 B,25,2860,2311918,,,,,,
3 x 256 B,26,2860,1928647,,,,,,
3 x 256 B,27,2860,1916822,,,,,,
3 x 256 B,28,2860,1934274,,,,,,
3 x 256 B,29,2860,1941789,,,,,,
3 x 256 B,30,2860,1933851,,,,,,
3 x 256 B,31,2860,1937002,,,,,,
4 x 256 B,0,2924,1926816,,,,,,
4 x 256 B,1,2924,1932415,,,,,,
4 x 256 B,2,2924,1927780,,,,,,
4 x 256 B,3,2924,1932364,,,,,,
4 x 256 B,4,2924,1937468,,,,,,
4 x 256 B,5,2924,1939666,,,,,,
4 x 256 B,6,2924,1928068,,,,,,
4 x 256 B,7,2924,1934036,,,,,,
4 x 256 B,8,2924,1922479,,,,,,
4 x 256 B,9,2924,1933383,,,,,,
4 x 256 B,10,2924,1931753,,,,,,
4 x 256 B,11,2924,1935656,,,,,,
4 x 256 B,12,2924,1932504,,,,,,
4 x 256 B,13,2924,1934012,,,,,,
4 x 256 B,14,2924,1932260,,,,,,
4 x 256 B,15,2924,1929941,,,,,,
4 x 256 B,16,2924,1926252,,,,,,
4 x 256 B,17,2924,1930373,,,,,,
4 x 256 B,18,2924,1931735,,,,,,
4 x 256 B,19,2924,1931416,,,,,,
4 x 256 B,20,2924,1924662,,,,,,
4 x 256 B,21,2924,1931218,,,,,,
4 x 256 B,22,2924,1951420,,,,,,
4 x 256 B,23,2924,1941435,,,,,,
4 x 256 B,24,2924,1937599,,,,,,
4 x 256 B,25,2924,1928356,,,,,,
4 x 256 B,26,2924,1933086,,,,,,
4 x 256 B,27,2924,1931162,,,,,,
4 x 256 B,28,2924,1925849,,,,,,
4 x 256 B,29,2924,1928101,,,,,,
4 x 256 B,30,2924,1926798,,,,,,
4 x 256 B,31,2924,1933543,,,,,,
6 x 256 B,0,1714,1953814,,,,,,
6 x 256 B,1,1714,1958540,,,,,,
6 x 256 B,2,1714,1953897,,,,,,
6 x 256 B,3,1714,1952896,,,,,,
6 x 256 B,4,1714,1954830,,,,,,
6 x 256 B,5,1714,1953608,,,,,,
6 x 256 B,6,1714,1956235,,,,,,
6 x 256 B,7,1714,1947487,,,,,,
6 x 256 B,8,1714,1953032,,,,,,
6 x 256 B,9,1714,1950594,,,,,,
6 x 256 B,10,1714,1948596,,,,,,
6 x 256 B,11,1714,1956720,,,,,,
6 x 256 B,12,1714,1953456,,,,,,
6 x 256 B,13,1714,1956147,,,,,,
6 x 256 B,14,1714,1957133,,,,,,
6 x 256 B,15,1714,1950921,,,,,,
6 x 256 B,16,1714,1950210,,,,,,
6 x 256 B,17,1714,1951255,,,,,,
6 x 256 B,18,1714,1959065,,,,,,
6 x 256 B,19,1714,1958314,,,,,,
6 x 256 B,20,1714,1945183,,,,,,
6 x 256 B,21,1714,1960644,,,,,,
6 x 256 B,22,1714,1955449,,,,,,
6 x 256 B,23,1714,1955658,,,,,,
6 x 256 B,24,1714,1959370,,,,,,
6 x 256 B,25,1714,1959530,,,,,,
6 x 256 B,26,1714,1953596,,,,,,
6 x 256 B,27,1714,1961075,,,,,,
6 x 256 B,28,1714,1961519,,,,,,
6 x 256 B,29,1714,1964916,,,,,,
6 x 256 B,30,1714,1955407,,,,,,
6 x 256 B,31,1714,1958973,,,,,,
8 x 256 B,0,2295,1954436,,,,,,
8 x 256 B,1,2295,1945052,,,,,,
8 x 256 B,2,2295,1943581,,,,,,
8 x 256 B,3,2295,1945382,,,,,,
8 x 256 B,4,2295,1944219,,,,,,
8 x 256 B,5,2295,1941792,,,,,,
8 x 256 B,6,2295,1942821,,,,,,
8 x 256 B,7,2295,1945370,,,,,,
8 x 256 B,8,2295,1942674,,,,,,
8 x 256 B,9,2295,1946649,,,,,,
8 x 256 B,10,2295,1942612,,,,,,
8 x 256 B,11,2295,1943440,,,,,,
8 x 256 B,12,2295,1942325,,,,,,
8 x 256 B,13,2295,1943756,,,,,,
8 x 256 B,14,2295,1943350,,,,,,
8 x 256 B,15,2295,1941777,,,,,,
8 x 256 B,16,2295,1943315,,,,,,
8 x 256 B,17,2295,1942563,,,,,,
8 x 256 B,18,2295,1943224,,,,,,
8 x 256 B,19,2295,1944527,,,,,,
8 x 256 B,20,2295,1942502,,,,,,
8 x 256 B,21,2295,1941944,,,,,,
8 x 256 B,22,2295,1942280,,,,,,
8 x 256 B,23,2295,1943105,,,,,,
8 x 256 B,24,2295,1942700,,,,,,
8 x 256 B,25,2295,1945168,,,,,,
8 x 256 B,26,2295,1946773,,,,,,
8 x 256 B,27,2295,1941934,,,,,,
8 x 256 B,28,2295,1946618,,,,,,
8 x 256 B,29,2295,1946991,,,,,,
8 x 256 B,30,2295,1945795,,,,,,
8 x 256 B,31,2295,1942123,,,,,,
12 x 256 B,0,1324,1978680,,,,,,
12 x 256 B,1,1324,1963687,,,,,,
12 x 256 B,2,1324,1974591,,,,,,
12 x 256 B,3,1324,1972272,,,,,,
12 x 256 B,4,1324,1975627,,,,,,
12 x 256 B,5,1324,1962251,,,,,,
12 x 256 B,6,1324,1980506,,,,,,
12 x 256 B,7,1324,1976820,,,,,,
12 x 256 B,8,1324,1965383,,,,,,
12 x 256 B,9,1324,1976917,,,,,,
12 x 256 B,10,1324,1977597,,,,,,
12 x 256 B,11,1324,1961187,,,,,,
12 x 256 B,12,1324,1975672,,,,,,
12 x 256 B,13,1324,1967535,,,,,,
12 x 256 B,14,1324,1955992,,,,,,
12 x 256 B,15,1324,1968887,,,,,,
12 x 256 B,16,1324,1962413,,,,,,
12 x 256 B,17,1324,1975913,,,,,,
12 x 256 B,18,1324,1973617,,,,,,
12 x 256 B,19,1324,1977098,,,,,,
12 x 256 B,20,1324,1981929,,,,,,
12 x 256 B,21,1324,1984104,,,,,,
12 x 256 B,22,1324,1967546,,,,,,
12 x 256 B,23,1324,2014322,,,,,,
12 x 256 B,24,1324,2002506,,,,,,
12 x 256 B,25,1324,1974719,,,,,,
12 x 256 B,26,1324,1977723,,,,,,
12 x 256 B,27,1324,1964215,,,,,,
12 x 256 B,28,1324,1973665,,,,,,
12 x 256 B,29,1324,1961220,,,,,,
12 x 256 B,30,1324,1975422,,,,,,
12 x 256 B,31,1324,1968588,,,,,,
16 x 256 B,0,1178,1980113,,,,,,
16 x 256 B,1,1178,1977690,,,,,,
16 x 256 B,2,1178,1980332,,,,,,
16 x 256 B,3,1178,1979484,,,,,,
16 x 256 B,4,1178,1979015,,,,,,
16 x 256 B,5,1178,1976211,,,,,,
16 x 256 B,6,1178,1979397,,,,,,
16 x 256 B,7,1178,1980023,,,,,,
16 x 256 B,8,1178,1978332,,,,,,
16 x 256 B,9,1178,1986215,,,,,,
16 x 256 B,10,1178,1978290,,,,,,
16 x 256 B,11,1178,1980972,,,,,,
16 x 256 B,12,1178,1980268,,,,,,
16 x 256 B,13,1178,1986195,,,,,,
16 x 256 B,14,1178,1988023,,,,,,
16 x 256 B,15,1178,1992811,,,,,,
16 x 256 B,16,1178,1978536,,,,,,
16 x 256 B,17,1178,1981116,,,,,,
16 x 256 B,18,1178,1977569,,,,,,
16 x 256 B,19,1178,1979857,,,,,,
16 x 256 B,20,1178,1978290,,,,,,
16 x 256 B,21,1178,1987176,,,,,,
16 x 256 B,22,1178,1981042,,,,,,
16 x 256 B,23,1178,1977210,,,,,,
16 x 256 B,24,1178,1982066,,,,,,
16 x 256 B,25,1178,1979088,,,,,,
16 x 256 B,26,1178,1981786,,,,,,
16 x 256 B,27,1178,1976381,,,,,,
16 x 256 B,28,1178,1977384,,,,,,
16 x 256 B,29,1178,1980711,,,,,,
16 x 256 B,30,1178,1975914,,,,,,
16 x 256 B,31,1178,1978349,,,,,,
24 x 256 B,0,793,1985092,,,,,,
24 x 256 B,1,793,1984371,,,,,,
24 x 256 B,2,793,1984701,,,,,,
24 x 256 B,3,793,1986791,,,,,,
24 x 256 B,4,793,1986694,,,,,,
24 x 256 B,5,793,1986737,,,,,,
24 x 256 B,6,793,1987879,,,,,,
24 x 256 B,7,793,1987872,,,,,,
24 x 256 B,8,793,1986059,,,,,,
24 x 256 B,9,793,2011855,,,,,,
24 x 256 B,10,793,1988016,,,,,,
24 x 256 B,11,793,1987557,,,,,,
24 x 256 B,12,793,1985737,,,,,,
24 x 256 B,13,793,1986838,,,,,,
24 x 256 B,14,793,1987426,,,,,,
24 x 256 B,15,793,1989820,,,,,,
24 x 256 B,16,793,1994106,,,,,,
24 x 256 B,17,793,1990394,,,,,,
24 x 256 B,18,793,1989448,,,,,,
24 x 256 B,19,793,1990901,,,,,,
24 x 256 B,20,793,2008425,,,,,,
24 x 256 B,21,793,1991373,,,,,,
24 x 256 B,22,793,1998103,,,,,,
24 x 256 B,23,793,1990263,,,,,,
24 x 256 B,24,793,2018795,,,,,,
24 x 256 B,25,793,1988685,,,,,,
24 x 256 B,26,793,1990952,,,,,,
24 x 256 B,27,793,1988589,,,,,,
24 x 256 B,28,793,2000696,,,,,,
24 x 256 B,29,793,1992630,,,,,,
24 x 256 B,30,793,1988449,,,,,,
24 x 256 B,31,793,2367567,,,,,,
64 x 256 B,0,300,1998013,,,,,,
64 x 256 B,1,300,2000403,,,,,,
64 x 256 B,2,300,1999112,,,,,,
64 x 256 B,3,300,1996488,,,,,,
64 x 256 B,4,300,1998840,,,,,,
64 x 256 B,5,300,1998820,,,,,,
64 x 256 B,6,300,1998342,,,,,,
64 x 256 B,7,300,2000143,,,,,,
64 x 256 B,8,300,1996589,,,,,,
64 x 256 B,9,300,1996290,,,,,,
64 x 256 B,10,300,1998540,,,,,,
64 x 256 B,11,300,1995917,,,,,,
64 x 256 B,12,300,1999156,,,,,,
64 x 256 B,13,300,1997970,,,,,,
64 x 256 B,14,300,1996757,,,,,,
64 x 256 B,15,300,1998240,,,,,,
64 x 256 B,16,300,1997753,,,,,,
64 x 256 B,17,300,1997220,,,,,,
64 x 256 B,18,300,2001156,,,,,,
64 x 256 B,19,300,1996670,,,,,,
64 x 256 B,20,300,1998402,,,,,,
64 x 256 B,21,300,1999178,,,,,,
64 x 256 B,22,300,1997220,,,,,,
64 x 256 B,23,300,1998342,,,,,,
64 x 256 B,24,300,2003742,,,,,,
64 x 256 B,25,300,1998667,,,,,,
64 x 256 B,26,300,2000795,,,,,,
64 x 256 B,27,300,2003467,,,,,,
64 x 256 B,28,300,2003868,,,,,,
64 x 256 B,29,300,2015445,,,,,,
64 x 256 B,30,300,1998035,,,,,,
64 x 256 B,31,300,1997575,,,,,,
128 x 256 B,0,149,2004324,,,,,,
128 x 256 B,1,149,2003894,,,,,,
128 x 256 B,2,149,2004252,,,,,,
128 x 256 B,3,149,2005381,,,,,,
128 x 256 B,4,149,2005815,,,,,,
128 x 256 B,5,149,2006049,,,,,,
128 x 256 B,6,149,2003231,,,,,,
128 x 256 B,7,149,2003374,,,,,,
128 x 256 B,8,149,2005354,,,,,,
128 x 256 B,9,149,2004327,,,,,,
128 x 256 B,10,149,2007404,,,,,,
128 x 256 B,11,149,2004465,,,,,,
128 x 256 B,12,149,2005100,,,,,,
128 x 256 B,13,149,2003110,,,,,,
128 x 256 B,14,149,2003645,,,,,,
128 x 256 B,15,149,2003194,,,,,,
128 x 256 B,16,149,2004684,,,,,,
128 x 256 B,17,149,2004847,,,,,,
128 x 256 B,18,149,2006728,,,,,,
128 x 256 B,19,149,2004465,,,,,,
128 x 256 B,20,149,2002599,,,,,,
128 x 256 B,21,149,2004172,,,,,,
128 x 256 B,22,149,2003957,,,,,,
128 x 256 B,23,149,2004849,,,,,,
128 x 256 B,24,149,2004476,,,,,,
128 x 256 B,25,149,2008394,,,,,,
128 x 256 B,26,149,2004438,,,,,,
128 x 256 B,27,149,2006605,,,,,,
128 x 256 B,28,149,2004652,,,,,,
128 x 256 B,29,149,2005927,,,,,,
128 x 256 B,30,149,2014937,,,,,,
128 x 256 B,31,149,2015540,,,,,,
129 x 256 B,0,146,2001313,,,,,,
129 x 256 B,1,146,2008756,,,,,,
129 x 256 B,2,146,1994336,,,,,,
129 x 256 B,3,146,1994062,,,,,,
129 x 256 B,4,146,1991609,,,,,,
129 x 256 B,5,146,1992095,,,,,,
129 x 256 B,6,146,1992156,,,,,,
129 x 256 B,7,146,1993274,,,,,,
129 x 256 B,8,146,1993921,,,,,,
129 x 256 B,9,146,1994788,,,,,,
129 x 256 B,10,146,1993199,,,,,,
129 x 256 B,11,146,1994165,,,,,,
129 x 256 B,12,146,1995205,,,,,,
129 x 256 B,13,146,1994501,,,,,,
129 x 256 B,14,146,1993325,,,,,,
129 x 256 B,15,146,2009933,,,,,,
129 x 256 B,16,146,2010804,,,,,,
129 x 256 B,17,146,1997333,,,,,,
129 x 256 B,18,146,1994963,,,,,,
129 x 256 B,19,146,1993947,,,,,,
129 x 256 B,20,146,1994401,,,,,,
129 x 256 B,21,146,1992755,,,,,,
129 x 256 B,22,146,1992408,,,,,,
129 x 256 B,23,146,1992254,,,,,,
129 x 256 B,24,146,1991808,,,,,,
129 x 256 B,25,146,1993053,,,,,,
129 x 256 B,26,146,1993657,,,,,,
129 x 256 B,27,146,1992287,,,,,,
129 x 256 B,28,146,1994009,,,,,,
129 x 256 B,29,146,1992410,,,,,,
129 x 256 B,30,146,1994513,,,,,,
129 x 256 B,31,146,1994024,,,,,,
1024 x 256 B,0,19,2056917,,,,,,
1024 x 256 B,1,19,2054239,,,,,,
1024 x 256 B,2,19,2053518,,,,,,
1024 x 256 B,3,19,2053700,,,,,,
1024 x 256 B,4,19,2062669,,,,,,
1024 x 256 B,5,19,2080955,,,,,,
1024 x 256 B,6,19,2063152,,,,,,
1024 x 256 B,7,19,2078129,,,,,,
1024 x 256 B,8,19,2063421,,,,,,
1024 x 256 B,9,19,2057750,,,,,,
1024 x 256 B,10,19,2054544,,,,,,
1024 x 256 B,11,19,2053169,,,,,,
1024 x 256 B,12,19,2055048,,,,,,
1024 x 256 B,13,19,2053537,,,,,,
1024 x 256 B,14,19,2053588,,,,,,
1024 x 256 B,15,19,2119396,,,,,,
1024 x 256 B,16,19,2054637,,,,,,
1024 x 256 B,17,19,2053379,,,,,,
1024 x 256 B,18,19,2054757,,,,,,
1024 x 256 B,19,19,2052665,,,,,,
1024 x 256 B,20,19,2053180,,,,,,
1024 x 256 B,21,19,2052967,,,,,,
1024 x 256 B,22,19,2053254,,,,,,
1024 x 256 B,23,19,2053716,,,,,,
1024 x 256 B,24,19,2054070,,,,,,
1024 x 256 B,25,19,2053312,,,,,,
1024 x 256 B,26,19,2054980,,,,,,
1024 x 256 B,27,19,2054470,,,,,,
1024 x 256 B,28,19,2053063,,,,,,
1024 x 256 B,29,19,2053737,,,,,,
1024 x 256 B,30,19,2053686,,,,,,
1024 x 256 B,31,19,2053963,,,,,,
1 x 1024 B,0,2063,1946830,,,,,,
1 x 1024 B,1,2063,1947190,,,,,,
1 x 1024 B,2,2063,1946788,,,,,,
1 x 1024 B,3,2063,1947403,,,,,,
1 x 1024 B,4,2063,1946783,,,,,,
1 x 1024 B,5,2063,1947473,,,,,,
1 x 1024 B,6,2063,1945165,,,,,,
1 x 1024 B,7,2063,1947695,,,,,,
1 x 1024 B,8,2063,1946550,,,,,,
1 x 1024 B,9,2063,1947288,,,,,,
1 x 1024 B,10,2063,1952333,,,,,,
1 x 1024 B,11,2063,1948269,,,,,,
1 x 1024 B,12,2063,1948136,,,,,,
1 x 1024 B,13,2063,1949283,,,,,,
1 x 1024 B,14,2063,1971157,,,,,,
1 x 1024 B,15,2063,1949549,,,,,,
1 x 1024 B,16,2063,1958569,,,,,,
1 x 1024 B,17,2063,1947521,,,,,,
1 x 1024 B,18,2063,1947170,,,,,,
1 x 1024 B,19,2063,1947926,,,,,,
1 x 1024 B,20,2063,1947461,,,,,,
1 x 1024 B,21,2063,1947478,,,,,,
1 x 1024 B,22,2063,1947661,,,,,,
1 x 1024 B,23,2063,1948052,,,,,,
1 x 1024 B,24,2063,1947104,,,,,,
1 x 1024 B,25,2063,1947443,,,,,,
1 x 1024 B,26,2063,1945218,,,,,,
1 x 1024 B,27,2063,1947117,,,,,,
1 x 1024 B,28,2063,1946815,,,,,,
1 x 1024 B,29,2063,1947071,,,,,,
1 x 1024 B,30,2063,1947575,,,,,,
1 x 1024 B,31,2063,1947304,,,,,,
3 x 1024 B,0,772,1950292,,,,,,
3 x 1024 B,1,772,1967421,,,,,,
3 x 1024 B,2,772,1978707,,,,,,
3 x 1024 B,3,772,1962844,,,,,,
3 x 1024 B,4,772,1978276,,,,,,
3 x 1024 B,5,772,1946519,,,,,,
3 x 1024 B,6,772,1978402,,,,,,
3 x 1024 B,7,772,1953559,,,,,,
3 x 1024 B,8,772,1952417,,,,,,
3 x 1024 B,9,772,1950989,,,,,,
3 x 1024 B,10,772,1966656,,,,,,
3 x 1024 B,11,772,1948634,,,,,,
3 x 1024 B,12,772,1977954,,,,,,
3 x 1024 B,13,772,1964558,,,,,,
3 x 1024 B,14,772,1973053,,,,,,
3 x 1024 B,15,772,1946320,,,,,,
3 x 1024 B,16,772,1977894,,,,,,
3 x 1024 B,17,772,1962433,,,,,,
3 x 1024 B,18,772,1993900,,,,,,
3 x 1024 B,19,772,1980047,,,,,,
3 x 1024 B,20,772,1990703,,,,,,
3 x 1024 B,21,772,1981023,,,,,,
3 x 1024 B,22,772,2012108,,,,,,
3 x 1024 B,23,772,1990242,,,,,,
3 x 1024 B,24,772,1979485,,,,,,
3 x 1024 B,25,772,1989415,,,,,,
3 x 1024 B,26,772,1993474,,,,,,
3 x 1024 B,27,772,1977202,,,,,,
3 x 1024 B,28,772,1947225,,,,,,
3 x 1024 B,29,772,1983568,,,,,,
3 x 1024 B,30,772,1947096,,,,,,
3 x 1024 B,31,772,1966502,,,,,,
4 x 1024 B,0,761,2341222,,,,,,
4 x 1024 B,1,761,1973601,,,,,,
4 x 1024 B,2,761,1970111,,,,,,
4 x 1024 B,3,761,1957486,,,,,,
4 x 1024 B,4,761,2014246,,,,,,
4 x 1024 B,5,761,1962146,,,,,,
4 x 1024 B,6,761,1961015,,,,,,
4 x 1024 B,7,761,1975030,,,,,,
4 x 1024 B,8,761,1960779,,,,,,
4 x 1024 B,9,761,1984397,,,,,,
4 x 1024 B,10,761,1986171,,,,,,
4 x 1024 B,11,761,1958883,,,,,,
4 x 1024 B,12,761,1957607,,,,,,
4 x 1024 B,13,761,1984547,,,,,,
4 x 1024 B,14,761,1958031,,,,,,
4 x 1024 B,15,761,1971739,,,,,,
4 x 1024 B,16,761,1957356,,,,,,
4 x 1024 B,17,761,1959411,,,,,,
4 x 1024 B,18,761,1957320,,,,,,
4 x 1024 B,19,761,1957295,,,,,,
4 x 1024 B,20,761,1971565,,,,,,
4 x 1024 B,21,761,1986711,,,,,,
4 x 1024 B,22,761,1964765,,,,,,
4 x 1024 B,23,761,1971870,,,,,,
4 x 1024 B,24,761,1957409,,,,,,
4 x 1024 B,25,761,1968554,,,,,,
4 x 1024 B,26,761,1968341,,,,,,
4 x 1024 B,27,761,1963308,,,,,,
4 x 1024 B,28,761,1973770,,,,,,
4 x 1024 B,29,761,1972346,,,,,,
4 x 1024 B,30,761,1969317,,,,,,
4 x 1024 B,31,761,1985425,,,,,,
6 x 1024 B,0,442,1970553,,,,,,
6 x 1024 B,1,442,1969311,,,,,,
6 x 1024 B,2,442,1951851,,,,,,
6 x 1024 B,3,442,1940595,,,,,,
6 x 1024 B,4,442,1938781,,,,,,
6 x 1024 B,5,442,1984007,,,,,,
6 x 1024 B,6,442,1962680,,,,,,
6 x 1024 B,7,442,1951516,,,,,,
6 x 1024 B,8,442,1967754,,,,,,
6 x 1024 B,9,442,1969045,,,,,,
6 x 1024 B,10,442,1942942,,,,,,
6 x 1024 B,11,442,1939729,,,,,,
6 x 1024 B,12,442,1957213,,,,,,
6 x 1024 B,13,442,1947481,,,,,,
6 x 1024 B,14,442,1939803,,,,,,
6 x 1024 B,15,442,1940277,,,,,,
6 x 1024 B,16,442,1940015,,,,,,
6 x 1024 B,17,442,1940038,,,,,,
6 x 1024 B,18,442,1940892,,,,,,
6 x 1024 B,19,442,1939877,,,,,,
6 x 1024 B,20,442,1939705,,,,,,
6 x 1024 B,21,442,1940489,,,,,,
6 x 1024 B,22,442,1958008,,,,,,
6 x 1024 B,23,442,1970478,,,,,,
6 x 1024 B,24,442,1943992,,,,,,
6 x 1024 B,25,442,1954154,,,,,,
6 x 1024 B,26,442,1973761,,,,,,
6 x 1024 B,27,442,1972479,,,,,,
6 x 1024 B,28,442,1975048,,,,,,
6 x 1024 B,29,442,1942094,,,,,,
6 x 1024 B,30,442,1940696,,,,,,
6 x 1024 B,31,442,1940195,,,,,,
8 x 1024 B,0,602,1990292,,,,,,
8 x 1024 B,1,602,1994143,,,,,,
8 x 1024 B,2,602,1987950,,,,,,
8 x 1024 B,3,602,1988452,,,,,,
8 x 1024 B,4,602,1987947,,,,,,
8 x 1024 B,5,602,1993042,,,,,,
8 x 1024 B,6,602,1987665,,,,,,
8 x 1024 B,7,602,1987032,,,,,,
8 x 1024 B,8,602,1986692,,,,,,
8 x 1024 B,9,602,1987105,,,,,,
8 x 1024 B,10,602,1986573,,,,,,
8 x 1024 B,11,602,1987373,,,,,,
8 x 1024 B,12,602,1995761,,,,,,
8 x 1024 B,13,602,1996721,,,,,,
8 x 1024 B,14,602,1989869,,,,,,
8 x 1024 B,15,602,1998554,,,,,,
8 x 1024 B,16,602,1989272,,,,,,
8 x 1024 B,17,602,1989464,,,,,,
8 x 1024 B,18,602,1989380,,,,,,
8 x 1024 B,19,602,1988277,,,,,,
8 x 1024 B,20,602,1988929,,,,,,
8 x 1024 B,21,602,1989467,,,,,,
8 x 1024 B,22,602,1989653,,,,,,
8 x 1024 B,23,602,1989170,,,,,,
8 x 1024 B,24,602,1988421,,,,,,
8 x 1024 B,25,602,1988277,,,,,,
8 x 1024 B,26,602,1988473,,,,,,
8 x 1024 B,27,602,1988460,,,,,,
8 x 1024 B,28,602,1987940,,,,,,
8 x 1024 B,29,602,1988843,,,,,,
8 x 1024 B,30,602,1989858,,,,,,
8 x 1024 B,31,602,1986675,,,,,,
12 x 1024 B,0,345,2008921,,,,,,
12 x 1024 B,1,345,2004281,,,,,,
12 x 1024 B,2,345,2003772,,,,,,
12 x 1024 B,3,345,2003551,,,,,,
12 x 1024 B,4,345,2003921,,,,,,
12 x 1024 B,5,345,2004169,,,,,,
12 x 1024 B,6,345,2006476,,,,,,
12 x 1024 B,7,345,2009668,,,,,,
12 x 1024 B,8,345,2005733,,,,,,
12 x 1024 B,9,345,2011109,,,,,,
12 x 1024 B,10,345,2006774,,,,,,
12 x 1024 B,11,345,2018052,,,,,,
12 x 1024 B,12,345,2005640,,,,,,
12 x 1024 B,13,345,2004592,,,,,,
12 x 1024 B,14,345,2004210,,,,,,
12 x 1024 B,15,345,2011226,,,,,,
12 x 1024 B,16,345,2006325,,,,,,
12 x 1024 B,17,345,2003943,,,,,,
12 x 1024 B,18,345,2004348,,,,,,
12 x 1024 B,19,345,2381377,,,,,,
12 x 1024 B,20,345,2007651,,,,,,
12 x 1024 B,21,345,2006968,,,,,,
12 x 1024 B,22,345,2004445,,,,,,
12 x 1024 B,23,345,2003453,,,,,,
12 x 1024 B,24,345,2003870,,,,,,
12 x 1024 B,25,345,2004110,,,,,,
12 x 1024 B,26,345,2004231,,,,,,
12 x 1024 B,27,345,2003409,,,,,,
12 x 1024 B,28,345,2003683,,,,,,
12 x 1024 B,29,345,2003077,,,,,,
12 x 1024 B,30,345,2004021,,,,,,
12 x 1024 B,31,345,2000380,,,,,,
16 x 1024 B,0,304,1996324,,,,,,
16 x 1024 B,1,304,1997398,,,,,,
16 x 1024 B,2,304,1997901,,,,,,
16 x 1024 B,3,304,1997563,,,,,,
16 x 1024 B,4,304,1997346,,,,,,
16 x 1024 B,5,304,1996067,,,,,,
16 x 1024 B,6,304,1996163,,,,,,
16 x 1024 B,7,304,1996935,,,,,,
16 x 1024 B,8,304,1997026,,,,,,
16 x 1024 B,9,304,1999565,,,,,,
16 x 1024 B,10,304,1997405,,,,,,
16 x 1024 B,11,304,1997707,,,,,,
16 x 1024 B,12,304,1997166,,,,,,
16 x 1024 B,13,304,1997884,,,,,,
16 x 1024 B,14,304,1998676,,,,,,
16 x 1024 B,15,304,2000943,,,,,,
16 x 1024 B,16,304,1998910,,,,,,
16 x 1024 B,17,304,1999291,,,,,,
16 x 1024 B,18,304,2003788,,,,,,
16 x 1024 B,19,304,2006225,,,,,,
16 x 1024 B,20,304,2005976,,,,,,
16 x 1024 B,21,304,1998642,,,,,,
16 x 1024 B,22,304,1998276,,,,,,
16 x 1024 B,23,304,1998633,,,,,,
16 x 1024 B,24,304,1998115,,,,,,
16 x 1024 B,25,304,1997896,,,,,,
16 x 1024 B,26,304,1997654,,,,,,
16 x 1024 B,27,304,1996354,,,,,,
16 x 1024 B,28,304,1997961,,,,,,
16 x 1024 B,29,304,1998254,,,,,,
16 x 1024 B,30,304,1996237,,,,,,
16 x 1024 B,31,304,1996686,,,,,,
24 x 1024 B,0,203,1998737,,,,,,
24 x 1024 B,1,203,1998354,,,,,,
24 x 1024 B,2,203,1998308,,,,,,
24 x 1024 B,3,203,1998508,,,,,,
24 x 1024 B,4,203,1998632,,,,,,
24 x 1024 B,5,203,1996395,,,,,,
24 x 1024 B,6,203,1998468,,,,,,
24 x 1024 B,7,203,1999065,,,,,,
24 x 1024 B,8,203,1998684,,,,,,
24 x 1024 B,9,203,1998408,,,,,,
24 x 1024 B,10,203,1998451,,,,,,
24 x 1024 B,11,203,1996697,,,,,,
24 x 1024 B,12,203,1997474,,,,,,
24 x 1024 B,13,203,1997197,,,,,,
24 x 1024 B,14,203,1997896,,,,,,
24 x 1024 B,15,203,1996770,,,,,,
24 x 1024 B,16,203,1997667,,,,,,
24 x 1024 B,17,203,1997638,,,,,,
24 x 1024 B,18,203,1997324,,,,,,
24 x 1024 B,19,203,1998061,,,,,,
24 x 1024 B,20,203,1997529,,,,,,
24 x 1024 B,21,203,2004736,,,,,,
24 x 1024 B,22,203,1998481,,,,,,
24 x 1024 B,23,203,1998624,,,,,,
24 x 1024 B,24,203,2000683,,,,,,
24 x 1024 B,25,203,2011072,,,,,,
24 x 1024 B,26,203,2010964,,,,,,
24 x 1024 B,27,203,2003273,,,,,,
24 x 1024 B,28,203,2001682,,,,,,
24 x 1024 B,29,203,2001210,,,,,,
24 x 1024 B,30,203,2000903,,,,,,
24 x 1024 B,31,203,2002077,,,,,,
64 x 1024 B,0,77,2023883,,,,,,
64 x 1024 B,1,77,2022589,,,,,,
64 x 1024 B,2,77,2023527,,,,,,
64 x 1024 B,3,77,2023000,,,,,,
64 x 1024 B,4,77,2023917,,,,,,
64 x 1024 B,5,77,2022847,,,,,,
64 x 1024 B,6,77,2023946,,,,,,
64 x 1024 B,7,77,2030986,,,,,,
64 x 1024 B,8,77,2024562,,,,,,
64 x 1024 B,9,77,2024027,,,,,,
64 x 1024 B,10,77,2025088,,,,,,
64 x 1024 B,11,77,2022699,,,,,,
64 x 1024 B,12,77,2023362,,,,,,
64 x 1024 B,13,77,2022797,,,,,,
64 x 1024 B,14,77,2024077,,,,,,
64 x 1024 B,15,77,2024662,,,,,,
64 x 1024 B,16,77,2023416,,,,,,
64 x 1024 B,17,77,2022610,,,,,,
64 x 1024 B,18,77,2022576,,,,,,
64 x 1024 B,19,77,2023508,,,,,,
64 x 1024 B,20,77,2022385,,,,,,
64 x 1024 B,21,77,2023012,,,,,,
64 x 1024 B,22,77,2023306,,,,,,
64 x 1024 B,23,77,2023108,,,,,,
64 x 1024 B,24,77,2022686,,,,,,
64 x 1024 B,25,77,2022661,,,,,,
64 x 1024 B,26,77,2022647,,,,,,
64 x 1024 B,27,77,2023859,,,,,,
64 x 1024 B,28,77,2033361,,,,,,
64 x 1024 B,29,77,2026834,,,,,,
64 x 1024 B,30,77,2027093,,,,,,
64 x 1024 B,31,77,2027200,,,,,,
128 x 1024 B,0,38,2026188,,,,,,
128 x 1024 B,1,38,2017314,,,,,,
128 x 1024 B,2,38,2015849,,,,,,
128 x 1024 B,3,38,2012440,,,,,,
128 x 1024 B,4,38,2014161,,,,,,
128 x 1024 B,5,38,2016596,,,,,,
128 x 1024 B,6,38,2015625,,,,,,
128 x 1024 B,7,38,2013829,,,,,,
128 x 1024 B,8,38,2014854,,,,,,
128 x 1024 B,9,38,2014565,,,,,,
128 x 1024 B,10,38,2011628,,,,,,
128 x 1024 B,11,38,2389053,,,,,,
128 x 1024 B,12,38,2015378,,,,,,
128 x 1024 B,13,38,2014226,,,,,,
128 x 1024 B,14,38,2012707,,,,,,
128 x 1024 B,15,38,2015187,,,,,,
128 x 1024 B,16,38,2015865,,,,,,
128 x 1024 B,17,38,2012401,,,,,,
128 x 1024 B,18,38,2011526,,,,,,
128 x 1024 B,19,38,2011276,,,,,,
128 x 1024 B,20,38,2011772,,,,,,
128 x 1024 B,21,38,2017044,,,,,,
128 x 1024 B,22,38,2015573,,,,,,
128 x 1024 B,23,38,2013243,,,,,,
128 x 1024 B,24,38,2011842,,,,,,
128 x 1024 B,25,38,2015116,,,,,,
128 x 1024 B,26,38,2016807,,,,,,
128 x 1024 B,27,38,2017376,,,,,,
128 x 1024 B,28,38,2017181,,,,,,
128 x 1024 B,29,38,2011628,,,,,,
128 x 1024 B,30,38,2015138,,,,,,
128 x 1024 B,31,38,2015911,,,,,,
129 x 1024 B,0,38,2049797,,,,,,
129 x 1024 B,1,38,2057677,,,,,,
129 x 1024 B,2,38,2052166,,,,,,
129 x 1024 B,3,38,2049525,,,,,,
129 x 1024 B,4,38,2057009,,,,,,
129 x 1024 B,5,38,2066852,,,,,,
129 x 1024 B,6,38,2051312,,,,,,
129 x 1024 B,7,38,2051860,,,,,,
129 x 1024 B,8,38,2051574,,,,,,
129 x 1024 B,9,38,2050230,,,,,,
129 x 1024 B,10,38,2056451,,,,,,
129 x 1024 B,11,38,2046375,,,,,,
129 x 1024 B,12,38,2050139,,,,,,
129 x 1024 B,13,38,2049637,,,,,,
129 x 1024 B,14,38,2054045,,,,,,
129 x 1024 B,15,38,2050966,,,,,,
129 x 1024 B,16,38,2047403,,,,,,
129 x 1024 B,17,38,2048529,,,,,,
129 x 1024 B,18,38,2049898,,,,,,
129 x 1024 B,19,38,2051041,,,,,,
129 x 1024 B,20,38,2051798,,,,,,
129 x 1024 B,21,38,2051977,,,,,,
129 x 1024 B,22,38,2052005,,,,,,
129 x 1024 B,23,38,2051922,,,,,,
129 x 1024 B,24,38,2050551,,,,,,
129 x 1024 B,25,38,2050187,,,,,,
129 x 1024 B,26,38,2051332,,,,,,
129 x 1024 B,27,38,2048333,,,,,,
129 x 1024 B,28,38,2048825,,,,,,
129 x 1024 B,29,38,2050573,,,,,,
129 x 1024 B,30,38,2048678,,,,,,
129 x 1024 B,31,38,2048172,,,,,,
1024 x 1024 B,0,5,2110142,,,,,,
1024 x 1024 B,1,5,2111891,,,,,,
1024 x 1024 B,2,5,2110911,,,,,,
1024 x 1024 B,3,5,2112810,,,,,,
1024 x 1024 B,4,5,2111247,,,,,,
1024 x 1024 B,5,5,2116818,,,,,,
1024 x 1024 B,6,5,2135083,,,,,,
1024 x 1024 B,7,5,2115710,,,,,,
1024 x 1024 B,8,5,2118047,,,,,,
1024 x 1024 B,9,5,2135007,,,,,,
1024 x 1024 B,10,5,2132989,,,,,,
1024 x 1024 B,11,5,2116297,,,,,,
1024 x 1024 B,12,5,2126457,,,,,,
1024 x 1024 B,13,5,2116511,,,,,,
1024 x 1024 B,14,5,2113678,,,,,,
1024 x 1024 B,15,5,2113416,,,,,,
1024 x 1024 B,16,5,2111857,,,,,,
1024 x 1024 B,17,5,2481141,,,,,,
1024 x 1024 B,18,5,2114445,,,,,,
1024 x 1024 B,19,5,2114367,,,,,,
1024 x 1024 B,20,5,2117107,,,,,,
1024 x 1024 B,21,5,2111721,,,,,,
1024 x 1024 B,22,5,2111893,,,,,,
1024 x 1024 B,23,5,2110973,,,,,,
1024 x 1024 B,24,5,2112893,,,,,,
1024 x 1024 B,25,5,2111559,,,,,,
1024 x 1024 B,26,5,2112733,,,,,,
1024 x 1024 B,27,5,2113894,,,,,,
1024 x 1024 B,28,5,2113126,,,,,,
1024 x 1024 B,29,5,2113860,,,,,,
1024 x 1024 B,30,5,2112116,,,,,,
1024 x 1024 B,31,5,2112294,,,,,,
1 x 2048 B,0,1291,1941560,,,,,,
1 x 2048 B,1,1291,1940496,,,,,,
1 x 2048 B,2,1291,1941049,,,,,,
1 x 2048 B,3,1291,1940482,,,,,,
1 x 2048 B,4,1291,1941090,,,,,,
1 x 2048 B,5,1291,1940880,,,,,,
1 x 2048 B,6,1291,1941327,,,,,,
1 x 2048 B,7,1291,1940669,,,,,,
1 x 2048 B,8,1291,1940882,,,,,,
1 x 2048 B,9,1291,1939240,,,,,,
1 x 2048 B,10,1291,1940802,,,,,,
1 x 2048 B,11,1291,1943178,,,,,,
1 x 2048 B,12,1291,1965858,,,,,,
1 x 2048 B,13,1291,1961159,,,,,,
1 x 2048 B,14,1291,1960928,,,,,,
1 x 2048 B,15,1291,1961657,,,,,,
1 x 2048 B,16,1291,1974337,,,,,,
1 x 2048 B,17,1291,1968618,,,,,,
1 x 2048 B,18,1291,1941860,,,,,,
1 x 2048 B,19,1291,1940853,,,,,,
1 x 2048 B,20,1291,1940850,,,,,,
1 x 2048 B,21,1291,1941680,,,,,,
1 x 2048 B,22,1291,1941538,,,,,,
1 x 2048 B,23,1291,1941537,,,,,,
1 x 2048 B,24,1291,1941457,,,,,,
1 x 2048 B,25,1291,1941679,,,,,,
1 x 2048 B,26,1291,1940942,,,,,,
1 x 2048 B,27,1291,1941337,,,,,,
1 x 2048 B,28,1291,1939045,,,,,,
1 x 2048 B,29,1291,1941024,,,,,,
1 x 2048 B,30,1291,1940644,,,,,,
1 x 2048 B,31,1291,1940922,,,,,,
3 x 2048 B,0,435,1989186,,,,,,
3 x 2048 B,1,435,1988134,,,,,,
3 x 2048 B,2,435,1988501,,,,,,
3 x 2048 B,3,435,1987531,,,,,,
3 x 2048 B,4,435,1988579,,,,,,
3 x 2048 B,5,435,1989558,,,,,,
3 x 2048 B,6,435,1992535,,,,,,
3 x 2048 B,7,435,1990208,,,,,,
3 x 2048 B,8,435,1989827,,,,,,
3 x 2048 B,9,435,1987805,,,,,,
3 x 2048 B,10,435,1988436,,,,,,
3 x 2048 B,11,435,1987543,,,,,,
3 x 2048 B,12,435,1988281,,,,,,
3 x 2048 B,13,435,1988158,,,,,,
3 x 2048 B,14,435,1988521,,,,,,
3 x 2048 B,15,435,1987847,,,,,,
3 x 2048 B,16,435,1988332,,,,,,
3 x 2048 B,17,435,1987718,,,,,,
3 x 2048 B,18,435,1988447,,,,,,
3 x 2048 B,19,435,1987814,,,,,,
3 x 2048 B,20,435,1994206,,,,,,
3 x 2048 B,21,435,1991450,,,,,,
3 x 2048 B,22,435,1989184,,,,,,
3 x 2048 B,23,435,1990707,,,,,,
3 x 2048 B,24,435,1994112,,,,,,
3 x 2048 B,25,435,1988538,,,,,,
3 x 2048 B,26,435,1989047,,,,,,
3 x 2048 B,27,435,1988044,,,,,,
3 x 2048 B,28,435,1989002,,,,,,
3 x 2048 B,29,435,1988474,,,,,,
3 x 2048 B,30,435,1988457,,,,,,
3 x 2048 B,31,435,1997926,,,,,,
4 x 2048 B,0,327,1990886,,,,,,
4 x 2048 B,1,327,1990822,,,,,,
4 x 2048 B,2,327,1991095,,,,,,
4 x 2048 B,3,327,1990989,,,,,,
4 x 2048 B,4,327,1990499,,,,,,
4 x 2048 B,5,327,1990555,,,,,,
4 x 2048 B,6,327,1990231,,,,,,
4 x 2048 B,7,327,1990591,,,,,,
4 x 2048 B,8,327,1990708,,,,,,
4 x 2048 B,9,327,1990450,,,,,,
4 x 2048 B,10,327,1990819,,,,,,
4 x 2048 B,11,327,1991032,,,,,,
4 x 2048 B,12,327,1990418,,,,,,
4 x 2048 B,13,327,1991059,,,,,,
4 x 2048 B,14,327,1990006,,,,,,
4 x 2048 B,15,327,1990772,,,,,,
4 x 2048 B,16,327,1990033,,,,,,
4 x 2048 B,17,327,1990727,,,,,,
4 x 2048 B,18,327,1990012,,,,,,
4 x 2048 B,19,327,1990654,,,,,,
4 x 2048 B,20,327,1990535,,,,,,
4 x 2048 B,21,327,1991036,,,,,,
4 x 2048 B,22,327,1989931,,,,,,
4 x 2048 B,23,327,1991129,,,,,,
4 x 2048 B,24,327,1990013,,,,,,
4 x 2048 B,25,327,1990835,,,,,,
4 x 2048 B,26,327,1993170,,,,,,
4 x 2048 B,27,327,1996383,,,,,,
4 x 2048 B,28,327,1992060,,,,,,
4 x 2048 B,29,327,1992875,,,,,,
4 x 2048 B,30,327,2077511,,,,,,
4 x 2048 B,31,327,1994723,,,,,,
6 x 2048 B,0,217,1984788,,,,,,
6 x 2048 B,1,217,1983936,,,,,,
6 x 2048 B,2,217,1986020,,,,,,
6 x 2048 B,3,217,1984012,,,,,,
6 x 2048 B,4,217,1984436,,,,,,
6 x 2048 B,5,217,1985121,,,,,,
6 x 2048 B,6,217,1985762,,,,,,
6 x 2048 B,7,217,1985304,,,,,,
6 x 2048 B,8,217,1984403,,,,,,
6 x 2048 B,9,217,1984732,,,,,,
6 x 2048 B,10,217,2361563,,,,,,
6 x 2048 B,11,217,1984352,,,,,,
6 x 2048 B,12,217,1984489,,,,,,
6 x 2048 B,13,217,1984214,,,,,,
6 x 2048 B,14,217,1984528,,,,,,
6 x 2048 B,15,217,1984149,,,,,,
6 x 2048 B,16,217,1984675,,,,,,
6 x 2048 B,17,217,1985032,,,,,,
6 x 2048 B,18,217,1984480,,,,,,
6 x 2048 B,19,217,1984239,,,,,,
6 x 2048 B,20,217,1984329,,,,,,
6 x 2048 B,21,217,1984181,,,,,,
6 x 2048 B,22,217,1984462,,,,,,
6 x 2048 B,23,217,1984499,,,,,,
6 x 2048 B,24,217,1984739,,,,,,
6 x 2048 B,25,217,1984431,,,,,,
6 x 2048 B,26,217,1984442,,,,,,
6 x 2048 B,27,217,1983847,,,,,,
6 x 2048 B,28,217,1984741,,,,,,
6 x 2048 B,29,217,1984099,,,,,,
6 x 2048 B,30,217,1984671,,,,,,
6 x 2048 B,31,217,1984435,,,,,,
8 x 2048 B,0,164,1999656,,,,,,
8 x 2048 B,1,164,2012126,,,,,,
8 x 2048 B,2,164,2001951,,,,,,
8 x 2048 B,3,164,2003125,,,,,,
8 x 2048 B,4,164,2005012,,,,,,
8 x 2048 B,5,164,2001797,,,,,,
8 x 2048 B,6,164,1999733,,,,,,
8 x 2048 B,7,164,2000957,,,,,,
8 x 2048 B,8,164,2000826,,,,,,
8 x 2048 B,9,164,2000552,,,,,,
8 x 2048 B,10,164,2000323,,,,,,
8 x 2048 B,11,164,2001211,,,,,,
8 x 2048 B,12,164,2000090,,,,,,
8 x 2048 B,13,164,1999716,,,,,,
8 x 2048 B,14,164,2000640,,,,,,
8 x 2048 B,15,164,1999513,,,,,,
8 x 2048 B,16,164,1999110,,,,,,
8 x 2048 B,17,164,2000471,,,,,,
8 x 2048 B,18,164,1999648,,,,,,
8 x 2048 B,19,164,1999468,,,,,,
8 x 2048 B,20,164,2000096,,,,,,
8 x 2048 B,21,164,1999935,,,,,,
8 x 2048 B,22,164,1999857,,,,,,
8 x 2048 B,23,164,2000568,,,,,,
8 x 2048 B,24,164,1999328,,,,,,
8 x 2048 B,25,164,2000120,,,,,,
8 x 2048 B,26,164,1999902,,,,,,
8 x 2048 B,27,164,1999980,,,,,,
8 x 2048 B,28,164,2000032,,,,,,
8 x 2048 B,29,164,1999960,,,,,,
8 x 2048 B,30,164,1999333,,,,,,
8 x 2048 B,31,164,2000248,,,,,,
12 x 2048 B,0,110,2000931,,,,,,
12 x 2048 B,1,110,2001352,,,,,,
12 x 2048 B,2,110,2002598,,,,,,
12 x 2048 B,3,110,2001424,,,,,,
12 x 2048 B,4,110,2012572,,,,,,
12 x 2048 B,5,110,2008870,,,,,,
12 x 2048 B,6,110,2010426,,,,,,
12 x 2048 B,7,110,2015064,,,,,,
12 x 2048 B,8,110,2016381,,,,,,
12 x 2048 B,9,110,2011905,,,,,,
12 x 2048 B,10,110,2011317,,,,,,
12 x 2048 B,11,110,2023759,,,,,,
12 x 2048 B,12,110,2015509,,,,,,
12 x 2048 B,13,110,2017738,,,,,,
12 x 2048 B,14,110,2009028,,,,,,
12 x 2048 B,15,110,2006480,,,,,,
12 x 2048 B,16,110,2006917,,,,,,
12 x 2048 B,17,110,2007106,,,,,,
12 x 2048 B,18,110,2007830,,,,,,
12 x 2048 B,19,110,2393661,,,,,,
12 x 2048 B,20,110,2009210,,,,,,
12 x 2048 B,21,110,2009816,,,,,,
12 x 2048 B,22,110,2010253,,,,,,
12 x 2048 B,23,110,2009525,,,,,,
12 x 2048 B,24,110,2009619,,,,,,
12 x 2048 B,25,110,2014282,,,,,,
12 x 2048 B,26,110,2012606,,,,,,
12 x 2048 B,27,110,2019786,,,,,,
12 x 2048 B,28,110,2009121,,,,,,
12 x 2048 B,29,110,2010228,,,,,,
12 x 2048 B,30,110,2011002,,,,,,
12 x 2048 B,31,110,2011527,,,,,,
16 x 2048 B,0,83,2015161,,,,,,
16 x 2048 B,1,83,2015635,,,,,,
16 x 2048 B,2,83,2015564,,,,,,
16 x 2048 B,3,83,2017509,,,,,,
16 x 2048 B,4,83,2021082,,,,,,
16 x 2048 B,5,83,2017097,,,,,,
16 x 2048 B,6,83,2016908,,,,,,
16 x 2048 B,7,83,2017916,,,,,,
16 x 2048 B,8,83,2017269,,,,,,
16 x 2048 B,9,83,2016070,,,,,,
16 x 2048 B,10,83,2016939,,,,,,
16 x 2048 B,11,83,2016100,,,,,,
16 x 2048 B,12,83,2016547,,,,,,
16 x 2048 B,13,83,2017599,,,,,,
16 x 2048 B,14,83,2024547,,,,,,
16 x 2048 B,15,83,2018289,,,,,,
16 x 2048 B,16,83,2019449,,,,,,
16 x 2048 B,17,83,2019084,,,,,,
16 x 2048 B,18,83,2025737,,,,,,
16 x 2048 B,19,83,2025964,,,,,,
16 x 2048 B,20,83,2028996,,,,,,
16 x 2048 B,21,83,2020414,,,,,,
16 x 2048 B,22,83,2023447,,,,,,
16 x 2048 B,23,83,2026851,,,,,,
16 x 2048 B,24,83,2020507,,,,,,
16 x 2048 B,25,83,2020541,,,,,,
16 x 2048 B,26,83,2020004,,,,,,
16 x 2048 B,27,83,2021029,,,,,,
16 x 2048 B,28,83,2021293,,,,,,
16 x 2048 B,29,83,2019198,,,,,,
16 x 2048 B,30,83,2018425,,,,,,
16 x 2048 B,31,83,2018774,,,,,,
24 x 2048 B,0,55,2001556,,,,,,
24 x 2048 B,1,55,1999402,,,,,,
24 x 2048 B,2,55,1999462,,,,,,
24 x 2048 B,3,55,1999430,,,,,,
24 x 2048 B,4,55,2003009,,,,,,
24 x 2048 B,5,55,2017619,,,,,,
24 x 2048 B,6,55,2008870,,,,,,
24 x 2048 B,7,55,2009163,,,,,,
24 x 2048 B,8,55,2008585,,,,,,
24 x 2048 B,9,55,2007541,,,,,,
24 x 2048 B,10,55,2007600,,,,,,
24 x 2048 B,11,55,2007396,,,,,,
24 x 2048 B,12,55,2008641,,,,,,
24 x 2048 B,13,55,2005452,,,,,,
24 x 2048 B,14,55,2006128,,,,,,
24 x 2048 B,15,55,2000980,,,,,,
24 x 2048 B,16,55,2001362,,,,,,
24 x 2048 B,17,55,2001131,,,,,,
24 x 2048 B,18,55,2000449,,,,,,
24 x 2048 B,19,55,2001062,,,,,,
24 x 2048 B,20,55,2000840,,,,,,
24 x 2048 B,21,55,2008754,,,,,,
24 x 2048 B,22,55,2002696,,,,,,
24 x 2048 B,23,55,2002317,,,,,,
24 x 2048 B,24,55,2003738,,,,,,
24 x 2048 B,25,55,2009395,,,,,,
24 x 2048 B,26,55,2012208,,,,,,
24 x 2048 B,27,55,2014635,,,,,,
24 x 2048 B,28,55,2006697,,,,,,
24 x 2048 B,29,55,2004670,,,,,,
24 x 2048 B,30,55,2006446,,,,,,
24 x 2048 B,31,55,2003893,,,,,,
64 x 2048 B,0,21,2030193,,,,,,
64 x 2048 B,1,21,2031338,,,,,,
64 x 2048 B,2,21,2031180,,,,,,
64 x 2048 B,3,21,2030795,,,,,,
64 x 2048 B,4,21,2031508,,,,,,
64 x 2048 B,5,21,2030502,,,,,,
64 x 2048 B,6,21,2031133,,,,,,
64 x 2048 B,7,21,2030674,,,,,,
64 x 2048 B,8,21,2030892,,,,,,
64 x 2048 B,9,21,2030354,,,,,,
64 x 2048 B,10,21,2031814,,,,,,
64 x 2048 B,11,21,2030764,,,,,,
64 x 2048 B,12,21,2031032,,,,,,
64 x 2048 B,13,21,2030565,,,,,,
64 x 2048 B,14,21,2031044,,,,,,
64 x 2048 B,15,21,2030463,,,,,,
64 x 2048 B,16,21,2031675,,,,,,
64 x 2048 B,17,21,2030399,,,,,,
64 x 2048 B,18,21,2031151,,,,,,
64 x 2048 B,19,21,2030315,,,,,,
64 x 2048 B,20,21,2030950,,,,,,
64 x 2048 B,21,21,2030579,,,,,,
64 x 2048 B,22,21,2031163,,,,,,
64 x 2048 B,23,21,2040502,,,,,,
64 x 2048 B,24,21,2030689,,,,,,
64 x 2048 B,25,21,2032022,,,,,,
64 x 2048 B,26,21,2030222,,,,,,
64 x 2048 B,27,21,2032606,,,,,,
64 x 2048 B,28,21,2050793,,,,,,
64 x 2048 B,29,21,2037674,,,,,,
64 x 2048 B,30,21,2039618,,,,,,
64 x 2048 B,31,21,2041293,,,,,,
128 x 2048 B,0,11,2145641,,,,,,
128 x 2048 B,1,11,2138355,,,,,,
128 x 2048 B,2,11,2139395,,,,,,
128 x 2048 B,3,11,2137584,,,,,,
128 x 2048 B,4,11,2137310,,,,,,
128 x 2048 B,5,11,2138049,,,,,,
128 x 2048 B,6,11,2137899,,,,,,
128 x 2048 B,7,11,2138681,,,,,,
128 x 2048 B,8,11,2137554,,,,,,
128 x 2048 B,9,11,2141118,,,,,,
128 x 2048 B,10,11,2137850,,,,,,
128 x 2048 B,11,11,2137465,,,,,,
128 x 2048 B,12,11,2137691,,,,,,
128 x 2048 B,13,11,2137777,,,,,,
128 x 2048 B,14,11,2142066,,,,,,
128 x 2048 B,15,11,2137402,,,,,,
128 x 2048 B,16,11,2139903,,,,,,
128 x 2048 B,17,11,2137615,,,,,,
128 x 2048 B,18,11,2137323,,,,,,
128 x 2048 B,19,11,2137718,,,,,,
128 x 2048 B,20,11,2138176,,,,,,
128 x 2048 B,21,11,2137076,,,,,,
128 x 2048 B,22,11,2137425,,,,,,
128 x 2048 B,23,11,2140051,,,,,,
128 x 2048 B,24,11,2137504,,,,,,
128 x 2048 B,25,11,2137640,,,,,,
128 x 2048 B,26,11,2137858,,,,,,
128 x 2048 B,27,11,2137868,,,,,,
128 x 2048 B,28,11,2138554,,,,,,
128 x 2048 B,29,11,2138557,,,,,,
128 x 2048 B,30,11,2138178,,,,,,
128 x 2048 B,31,11,2140630,,,,,,
129 x 2048 B,0,11,2157466,,,,,,
129 x 2048 B,1,11,2156044,,,,,,
129 x 2048 B,2,11,2163374,,,,,,
129 x 2048 B,3,11,2166190,,,,,,
129 x 2048 B,4,11,2163409,,,,,,
129 x 2048 B,5,11,2142332,,,,,,
129 x 2048 B,6,11,2141116,,,,,,
129 x 2048 B,7,11,2142091,,,,,,
129 x 2048 B,8,11,2143737,,,,,,
129 x 2048 B,9,11,2140778,,,,,,
129 x 2048 B,10,11,2140748,,,,,,
129 x 2048 B,11,11,2141577,,,,,,
129 x 2048 B,12,11,2141332,,,,,,
129 x 2048 B,13,11,2141833,,,,,,
129 x 2048 B,14,11,2140896,,,,,,
129 x 2048 B,15,11,2514349,,,,,,
129 x 2048 B,16,11,2156006,,,,,,
129 x 2048 B,17,11,2160857,,,,,,
129 x 2048 B,18,11,2159907,,,,,,
129 x 2048 B,19,11,2161765,,,,,,
129 x 2048 B,20,11,2159699,,,,,,
129 x 2048 B,21,11,2160306,,,,,,
129 x 2048 B,22,11,2160000,,,,,,
129 x 2048 B,23,11,2161376,,,,,,
129 x 2048 B,24,11,2159659,,,,,,
129 x 2048 B,25,11,2159930,,,,,,
129 x 2048 B,26,11,2161359,,,,,,
129 x 2048 B,27,11,2160354,,,,,,
129 x 2048 B,28,11,2159570,,,,,,
129 x 2048 B,29,11,2159873,,,,,,
129 x 2048 B,30,11,2159673,,,,,,
129 x 2048 B,31,11,2159802,,,,,,
1024 x 2048 B,0,2,3128727,,,,,,
1024 x 2048 B,1,2,3132856,,,,,,
1024 x 2048 B,2,2,3124961,,,,,,
1024 x 2048 B,3,2,3150224,,,,,,
1024 x 2048 B,4,2,3136819,,,,,,
1024 x 2048 B,5,2,3126472,,,,,,
1024 x 2048 B,6,2,3123888,,,,,,
1024 x 2048 B,7,2,3123557,,,,,,
1024 x 2048 B,8,2,3122736,,,,,,
1024 x 2048 B,9,2,3124751,,,,,,
1024 x 2048 B,10,2,3123965,,,,,,
1024 x 2048 B,11,2,3122410,,,,,,
1024 x 2048 B,12,2,3122506,,,,,,
1024 x 2048 B,13,2,3122404,,,,,,
1024 x 2048 B,14,2,3122118,,,,,,
1024 x 2048 B,15,2,3122293,,,,,,
1024 x 2048 B,16,2,3122281,,,,,,
1024 x 2048 B,17,2,3123867,,,,,,
1024 x 2048 B,18,2,3121355,,,,,,
1024 x 2048 B,19,2,3121808,,,,,,
1024 x 2048 B,20,2,3122165,,,,,,
1024 x 2048 B,21,2,3121668,,,,,,
1024 x 2048 B,22,2,3121550,,,,,,
1024 x 2048 B,23,2,3121446,,,,,,
1024 x 2048 B,24,2,3121963,,,,,,
1024 x 2048 B,25,2,3124387,,,,,,
1024 x 2048 B,26,2,3124433,,,,,,
1024 x 2048 B,27,2,3137233,,,,,,
1024 x 2048 B,28,2,3136408,,,,,,
1024 x 2048 B,29,2,3147471,,,,,,
1024 x 2048 B,30,2,3141294,,,,,,
1024 x 2048 B,31,2,3123769,,,,,,
1 x 2047 B,0,1032,1976119,,,,,,
1 x 2047 B,1,1032,1974513,,,,,,
1 x 2047 B,2,1032,1975071,,,,,,
1 x 2047 B,3,1032,2350021,,,,,,
1 x 2047 B,4,1032,1974137,,,,,,
1 x 2047 B,5,1032,1973616,,,,,,
1 x 2047 B,6,1032,1974498,,,,,,
1 x 2047 B,7,1032,1973982,,,,,,
1 x 2047 B,8,1032,1973926,,,,,,
1 x 2047 B,9,1032,1973320,,,,,,
1 x 2047 B,10,1032,1974086,,,,,,
1 x 2047 B,11,1032,1973578,,,,,,
1 x 2047 B,12,1032,1973830,,,,,,
1 x 2047 B,13,1032,1971980,,,,,,
1 x 2047 B,14,1032,1973301,,,,,,
1 x 2047 B,15,1032,1973316,,,,,,
1 x 2047 B,16,1032,1973460,,,,,,
1 x 2047 B,17,1032,1973050,,,,,,
1 x 2047 B,18,1032,1973451,,,,,,
1 x 2047 B,19,1032,1973677,,,,,,
1 x 2047 B,20,1032,1973432,,,,,,
1 x 2047 B,21,1032,1973926,,,,,,
1 x 2047 B,22,1032,1973199,,,,,,
1 x 2047 B,23,1032,1973888,,,,,,
1 x 2047 B,24,1032,1973017,,,,,,
1 x 2047 B,25,1032,1980719,,,,,,
1 x 2047 B,26,1032,1970210,,,,,,
1 x 2047 B,27,1032,1971016,,,,,,
1 x 2047 B,28,1032,1970265,,,,,,
1 x 2047 B,29,1032,1970630,,,,,,
1 x 2047 B,30,1032,1972156,,,,,,
1 x 2047 B,31,1032,1978026,,,,,,
3 x 2047 B,0,346,1993876,,,,,,
3 x 2047 B,1,346,1993641,,,,,,
3 x 2047 B,2,346,1997363,,,,,,
3 x 2047 B,3,346,1998042,,,,,,
3 x 2047 B,4,346,1993666,,,,,,
3 x 2047 B,5,346,1992717,,,,,,
3 x 2047 B,6,346,1990511,,,,,,
3 x 2047 B,7,346,1989751,,,,,,
3 x 2047 B,8,346,1990482,,,,,,
3 x 2047 B,9,346,1990435,,,,,,
3 x 2047 B,10,346,1990304,,,,,,
3 x 2047 B,11,346,1990165,,,,,,
3 x 2047 B,12,346,1990259,,,,,,
3 x 2047 B,13,346,1990154,,,,,,
3 x 2047 B,14,346,1989956,,,,,,
3 x 2047 B,15,346,1990194,,,,,,
3 x 2047 B,16,346,1989490,,,,,,
3 x 2047 B,17,346,1990223,,,,,,
3 x 2047 B,18,346,1989850,,,,,,
3 x 2047 B,19,346,1989914,,,,,,
3 x 2047 B,20,346,1990127,,,,,,
3 x 2047 B,21,346,1990122,,,,,,
3 x 2047 B,22,346,1989760,,,,,,
3 x 2047 B,23,346,1991669,,,,,,
3 x 2047 B,24,346,1991193,,,,,,
3 x 2047 B,25,346,1991865,,,,,,
3 x 2047 B,26,346,1991630,,,,,,
3 x 2047 B,27,346,1991661,,,,,,
3 x 2047 B,28,346,1991912,,,,,,
3 x 2047 B,29,346,1991752,,,,,,
3 x 2047 B,30,346,1993004,,,,,,
3 x 2047 B,31,346,1993096,,,,,,
4 x 2047 B,0,261,2002215,,,,,,
4 x 2047 B,1,261,2000327,,,,,,
4 x 2047 B,2,261,1996837,,,,,,
4 x 2047 B,3,261,1998204,,,,,,
4 x 2047 B,4,261,1996327,,,,,,
4 x 2047 B,5,261,2002840,,,,,,
4 x 2047 B,6,261,1998656,,,,,,
4 x 2047 B,7,261,1999423,,,,,,
4 x 2047 B,8,261,2000182,,,,,,
4 x 2047 B,9,261,2002029,,,,,,
4 x 2047 B,10,261,2010936,,,,,,
4 x 2047 B,11,261,1995097,,,,,,
4 x 2047 B,12,261,1995777,,,,,,
4 x 2047 B,13,261,1994953,,,,,,
4 x 2047 B,14,261,1996741,,,,,,
4 x 2047 B,15,261,1996826,,,,,,
4 x 2047 B,16,261,1997509,,,,,,
4 x 2047 B,17,261,1997792,,,,,,
4 x 2047 B,18,261,1996992,,,,,,
4 x 2047 B,19,261,1996575,,,,,,
4 x 2047 B,20,261,1997213,,,,,,
4 x 2047 B,21,261,1996786,,,,,,
4 x 2047 B,22,261,1997318,,,,,,
4 x 2047 B,23,261,1996755,,,,,,
4 x 2047 B,24,261,1996060,,,,,,
4 x 2047 B,25,261,1996486,,,,,,
4 x 2047 B,26,261,1996845,,,,,,
4 x 2047 B,27,261,1995955,,,,,,
4 x 2047 B,28,261,1996070,,,,,,
4 x 2047 B,29,261,1995950,,,,,,
4 x 2047 B,30,261,1996552,,,,,,
4 x 2047 B,31,261,1997633,,,,,,
6 x 2047 B,0,175,2006557,,,,,,
6 x 2047 B,1,175,2006199,,,,,,
6 x 2047 B,2,175,2004384,,,,,,
6 x 2047 B,3,175,2006192,,,,,,
6 x 2047 B,4,175,2003772,,,,,,
6 x 2047 B,5,175,2006516,,,,,,
6 x 2047 B,6,175,2005398,,,,,,
6 x 2047 B,7,175,2006520,,,,,,
6 x 2047 B,8,175,2006586,,,,,,
6 x 2047 B,9,175,2005226,,,,,,
6 x 2047 B,10,175,2005979,,,,,,
6 x 2047 B,11,175,2008573,,,,,,
6 x 2047 B,12,175,2013193,,,,,,
6 x 2047 B,13,175,2006783,,,,,,
6 x 2047 B,14,175,2007705,,,,,,
6 x 2047 B,15,175,2008044,,,,,,
6 x 2047 B,16,175,2013195,,,,,,
6 x 2047 B,17,175,2005302,,,,,,
6 x 2047 B,18,175,2019437,,,,,,
6 x 2047 B,19,175,2005289,,,,,,
6 x 2047 B,20,175,2007403,,,,,,
6 x 2047 B,21,175,2006053,,,,,,
6 x 2047 B,22,175,2014150,,,,,,
6 x 2047 B,23,175,2004550,,,,,,
6 x 2047 B,24,175,2007527,,,,,,
6 x 2047 B,25,175,2006979,,,,,,
6 x 2047 B,26,175,2006834,,,,,,
6 x 2047 B,27,175,2003635,,,,,,
6 x 2047 B,28,175,2006149,,,,,,
6 x 2047 B,29,175,2266631,,,,,,
6 x 2047 B,30,175,2004997,,,,,,
6 x 2047 B,31,175,2005371,,,,,,
8 x 2047 B,0,131,1994808,,,,,,
8 x 2047 B,1,131,2002377,,,,,,
8 x 2047 B,2,131,1995289,,,,,,
8 x 2047 B,3,131,1994698,,,,,,
8 x 2047 B,4,131,1994395,,,,,,
8 x 2047 B,5,131,1996338,,,,,,
8 x 2047 B,6,131,1994485,,,,,,
8 x 2047 B,7,131,1996206,,,,,,
8 x 2047 B,8,131,1994873,,,,,,
8 x 2047 B,9,131,1995518,,,,,,
8 x 2047 B,10,131,1995453,,,,,,
8 x 2047 B,11,131,1994508,,,,,,
8 x 2047 B,12,131,1995827,,,,,,
8 x 2047 B,13,131,1996059,,,,,,
8 x 2047 B,14,131,1995211,,,,,,
8 x 2047 B,15,131,1994540,,,,,,
8 x 2047 B,16,131,1995464,,,,,,
8 x 2047 B,17,131,1994617,,,,,,
8 x 2047 B,18,131,1999261,,,,,,
8 x 2047 B,19,131,2001749,,,,,,
8 x 2047 B,20,131,1997549,,,,,,
8 x 2047 B,21,131,1998422,,,,,,
8 x 2047 B,22,131,1999526,,,,,,
8 x 2047 B,23,131,2011903,,,,,,
8 x 2047 B,24,131,1998175,,,,,,
8 x 2047 B,25,131,1998329,,,,,,
8 x 2047 B,26,131,1998132,,,,,,
8 x 2047 B,27,131,1997590,,,,,,
8 x 2047 B,28,131,1997299,,,,,,
8 x 2047 B,29,131,1997184,,,,,,
8 x 2047 B,30,131,1997710,,,,,,
8 x 2047 B,31,131,1996668,,,,,,
12 x 2047 B,0,88,2014453,,,,,,
12 x 2047 B,1,88,2014291,,,,,,
12 x 2047 B,2,88,2015320,,,,,,
12 x 2047 B,3,88,2015503,,,,,,
12 x 2047 B,4,88,2015729,,,,,,
12 x 2047 B,5,88,2014308,,,,,,
12 x 2047 B,6,88,2015889,,,,,,
12 x 2047 B,7,88,2014418,,,,,,
12 x 2047 B,8,88,2021475,,,,,,
12 x 2047 B,9,88,2018262,,,,,,
12 x 2047 B,10,88,2019529,,,,,,
12 x 2047 B,11,88,2016439,,,,,,
12 x 2047 B,12,88,2019497,,,,,,
12 x 2047 B,13,88,2018865,,,,,,
12 x 2047 B,14,88,2019455,,,,,,
12 x 2047 B,15,88,2019161,,,,,,
12 x 2047 B,16,88,2018847,,,,,,
12 x 2047 B,17,88,2019574,,,,,,
12 x 2047 B,18,88,2019063,,,,,,
12 x 2047 B,19,88,2020052,,,,,,
12 x 2047 B,20,88,2084169,,,,,,
12 x 2047 B,21,88,2017241,,,,,,
12 x 2047 B,22,88,2016878,,,,,,
12 x 2047 B,23,88,2017698,,,,,,
12 x 2047 B,24,88,2016747,,,,,,
12 x 2047 B,25,88,2018451,,,,,,
12 x 2047 B,26,88,2021272,,,,,,
12 x 2047 B,27,88,2016891,,,,,,
12 x 2047 B,28,88,2016054,,,,,,
12 x 2047 B,29,88,2021562,,,,,,
12 x 2047 B,30,88,2018792,,,,,,
12 x 2047 B,31,88,2032128,,,,,,
16 x 2047 B,0,66,2014462,,,,,,
16 x 2047 B,1,66,2015642,,,,,,
16 x 2047 B,2,66,2016104,,,,,,
16 x 2047 B,3,66,2015772,,,,,,
16 x 2047 B,4,66,2015866,,,,,,
16 x 2047 B,5,66,2016790,,,,,,
16 x 2047 B,6,66,2016317,,,,,,
16 x 2047 B,7,66,2017498,,,,,,
16 x 2047 B,8,66,2016334,,,,,,
16 x 2047 B,9,66,2017871,,,,,,
16 x 2047 B,10,66,2016997,,,,,,
16 x 2047 B,11,66,2020339,,,,,,
16 x 2047 B,12,66,2017557,,,,,,
16 x 2047 B,13,66,2017068,,,,,,
16 x 2047 B,14,66,2016571,,,,,,
16 x 2047 B,15,66,2017116,,,,,,
16 x 2047 B,16,66,2016555,,,,,,
16 x 2047 B,17,66,2016632,,,,,,
16 x 2047 B,18,66,2017110,,,,,,
16 x 2047 B,19,66,2016054,,,,,,
16 x 2047 B,20,66,2016627,,,,,,
16 x 2047 B,21,66,2016492,,,,,,
16 x 2047 B,22,66,2017598,,,,,,
16 x 2047 B,23,66,2016282,,,,,,
16 x 2047 B,24,66,2017110,,,,,,
16 x 2047 B,25,66,2017774,,,,,,
16 x 2047 B,26,66,2017284,,,,,,
16 x 2047 B,27,66,2017381,,,,,,
16 x 2047 B,28,66,2016421,,,,,,
16 x 2047 B,29,66,2014703,,,,,,
16 x 2047 B,30,66,2017546,,,,,,
16 x 2047 B,31,66,2014778,,,,,,
24 x 2047 B,0,44,2016477,,,,,,
24 x 2047 B,1,44,2017676,,,,,,
24 x 2047 B,2,44,2018575,,,,,,
24 x 2047 B,3,44,2027792,,,,,,
24 x 2047 B,4,44,2028278,,,,,,
24 x 2047 B,5,44,2016739,,,,,,
24 x 2047 B,6,44,2019943,,,,,,
24 x 2047 B,7,44,2014996,,,,,,
24 x 2047 B,8,44,2015485,,,,,,
24 x 2047 B,9,44,2019190,,,,,,
24 x 2047 B,10,44,2019422,,,,,,
24 x 2047 B,11,44,2017828,,,,,,
24 x 2047 B,12,44,2019567,,,,,,
24 x 2047 B,13,44,2019071,,,,,,
24 x 2047 B,14,44,2018878,,,,,,
24 x 2047 B,15,44,2018419,,,,,,
24 x 2047 B,16,44,2017377,,,,,,
24 x 2047 B,17,44,2036670,,,,,,
24 x 2047 B,18,44,2018499,,,,,,
24 x 2047 B,19,44,2017633,,,,,,
24 x 2047 B,20,44,2018563,,,,,,
24 x 2047 B,21,44,2018480,,,,,,
24 x 2047 B,22,44,2018870,,,,,,
24 x 2047 B,23,44,2016987,,,,,,
24 x 2047 B,24,44,2017646,,,,,,
24 x 2047 B,25,44,2017170,,,,,,
24 x 2047 B,26,44,2016850,,,,,,
24 x 2047 B,27,44,2017177,,,,,,
24 x 2047 B,28,44,2017198,,,,,,
24 x 2047 B,29,44,2017262,,,,,,
24 x 2047 B,30,44,2016891,,,,,,
24 x 2047 B,31,44,2016838,,,,,,
64 x 2047 B,0,17,2073548,,,,,,
64 x 2047 B,1,17,2075173,,,,,,
64 x 2047 B,2,17,2073782,,,,,,
64 x 2047 B,3,17,2074191,,,,,,
64 x 2047 B,4,17,2072545,,,,,,
64 x 2047 B,5,17,2074672,,,,,,
64 x 2047 B,6,17,2081700,,,,,,
64 x 2047 B,7,17,2082325,,,,,,
64 x 2047 B,8,17,2081652,,,,,,
64 x 2047 B,9,17,2087170,,,,,,
64 x 2047 B,10,17,2076180,,,,,,
64 x 2047 B,11,17,2075759,,,,,,
64 x 2047 B,12,17,2073674,,,,,,
64 x 2047 B,13,17,2074831,,,,,,
64 x 2047 B,14,17,2075647,,,,,,
64 x 2047 B,15,17,2085254,,,,,,
64 x 2047 B,16,17,2075064,,,,,,
64 x 2047 B,17,17,2075089,,,,,,
64 x 2047 B,18,17,2073670,,,,,,
64 x 2047 B,19,17,2073894,,,,,,
64 x 2047 B,20,17,2074463,,,,,,
64 x 2047 B,21,17,2073350,,,,,,
64 x 2047 B,22,17,2073952,,,,,,
64 x 2047 B,23,17,2074067,,,,,,
64 x 2047 B,24,17,2073936,,,,,,
64 x 2047 B,25,17,2073399,,,,,,
64 x 2047 B,26,17,2073650,,,,,,
64 x 2047 B,27,17,2074916,,,,,,
64 x 2047 B,28,17,2073680,,,,,,
64 x 2047 B,29,17,2073379,,,,,,
64 x 2047 B,30,17,2073976,,,,,,
64 x 2047 B,31,17,2073064,,,,,,
128 x 2047 B,0,9,2204787,,,,,,
128 x 2047 B,1,9,2202695,,,,,,
128 x 2047 B,2,9,2206125,,,,,,
128 x 2047 B,3,9,2203718,,,,,,
128 x 2047 B,4,9,2203965,,,,,,
128 x 2047 B,5,9,2208786,,,,,,
128 x 2047 B,6,9,2195972,,,,,,
128 x 2047 B,7,9,2196947,,,,,,
128 x 2047 B,8,9,2197481,,,,,,
128 x 2047 B,9,9,2196154,,,,,,
128 x 2047 B,10,9,2210411,,,,,,
128 x 2047 B,11,9,2199003,,,,,,
128 x 2047 B,12,9,2211116,,,,,,
128 x 2047 B,13,9,2198423,,,,,,
128 x 2047 B,14,9,2196202,,,,,,
128 x 2047 B,15,9,2197453,,,,,,
128 x 2047 B,16,9,2202305,,,,,,
128 x 2047 B,17,9,2196291,,,,,,
128 x 2047 B,18,9,2195409,,,,,,
128 x 2047 B,19,9,2196128,,,,,,
128 x 2047 B,20,9,2205734,,,,,,
128 x 2047 B,21,9,2204154,,,,,,
128 x 2047 B,22,9,2199848,,,,,,
128 x 2047 B,23,9,2196183,,,,,,
128 x 2047 B,24,9,2196090,,,,,,
128 x 2047 B,25,9,2198608,,,,,,
128 x 2047 B,26,9,2198519,,,,,,
128 x 2047 B,27,9,2196869,,,,,,
128 x 2047 B,28,9,2197136,,,,,,
128 x 2047 B,29,9,2196078,,,,,,
128 x 2047 B,30,9,2198796,,,,,,
128 x 2047 B,31,9,2195841,,,,,,
129 x 2047 B,0,9,2215871,,,,,,
129 x 2047 B,1,9,2217092,,,,,,
129 x 2047 B,2,9,2213324,,,,,,
129 x 2047 B,3,9,2213806,,,,,,
129 x 2047 B,4,9,2213708,,,,,,
129 x 2047 B,5,9,2213135,,,,,,
129 x 2047 B,6,9,2218043,,,,,,
129 x 2047 B,7,9,2213338,,,,,,
129 x 2047 B,8,9,2221034,,,,,,
129 x 2047 B,9,9,2213332,,,,,,
129 x 2047 B,10,9,2214022,,,,,,
129 x 2047 B,11,9,2212557,,,,,,
129 x 2047 B,12,9,2212205,,,,,,
129 x 2047 B,13,9,2218297,,,,,,
129 x 2047 B,14,9,2222416,,,,,,
129 x 2047 B,15,9,2218403,,,,,,
129 x 2047 B,16,9,2219084,,,,,,
129 x 2047 B,17,9,2222774,,,,,,
129 x 2047 B,18,9,2218890,,,,,,
129 x 2047 B,19,9,2229609,,,,,,
129 x 2047 B,20,9,2216111,,,,,,
129 x 2047 B,21,9,2215779,,,,,,
129 x 2047 B,22,9,2213839,,,,,,
129 x 2047 B,23,9,2216277,,,,,,
129 x 2047 B,24,9,2215420,,,,,,
129 x 2047 B,25,9,2212856,,,,,,
129 x 2047 B,26,9,2208378,,,,,,
129 x 2047 B,27,9,2217262,,,,,,
129 x 2047 B,28,9,2208356,,,,,,
129 x 2047 B,29,9,2218141,,,,,,
129 x 2047 B,30,9,2217414,,,,,,
129 x 2047 B,31,9,2213276,,,,,,
1024 x 2047 B,0,2,3906142,,,,,,
1024 x 2047 B,1,2,3904973,,,,,,
1024 x 2047 B,2,2,3909485,,,,,,
1024 x 2047 B,3,2,3909522,,,,,,
1024 x 2047 B,4,2,3908288,,,,,,
1024 x 2047 B,5,2,3906905,,,,,,
1024 x 2047 B,6,2,3905405,,,,,,
1024 x 2047 B,7,2,3907976,,,,,,
1024 x 2047 B,8,2,3916488,,,,,,
1024 x 2047 B,9,2,3914632,,,,,,
1024 x 2047 B,10,2,3927956,,,,,,
1024 x 2047 B,11,2,3918134,,,,,,
1024 x 2047 B,12,2,3908554,,,,,,
1024 x 2047 B,13,2,3909440,,,,,,
1024 x 2047 B,14,2,3907852,,,,,,
1024 x 2047 B,15,2,3906905,,,,,,
1024 x 2047 B,16,2,3908257,,,,,,
1024 x 2047 B,17,2,3908094,,,,,,
1024 x 2047 B,18,2,3908490,,,,,,
1024 x 2047 B,19,2,3907087,,,,,,
1024 x 2047 B,20,2,3906573,,,,,,
1024 x 2047 B,21,2,3907829,,,,,,
1024 x 2047 B,22,2,3908041,,,,,,
1024 x 2047 B,23,2,3910975,,,,,,
1024 x 2047 B,24,2,3905513,,,,,,
1024 x 2047 B,25,2,3908308,,,,,,
1024 x 2047 B,26,2,3905478,,,,,,
1024 x 2047 B,27,2,3906888,,,,,,
1024 x 2047 B,28,2,3909479,,,,,,
1024 x 2047 B,29,2,3919473,,,,,,
1024 x 2047 B,30,2,3925776,,,,,,
1024 x 2047 B,31,2,3928916,,,,,,
1 x 2049 B,0,1190,1985070,,,,,,
1 x 2049 B,1,1190,1985668,,,,,,
1 x 2049 B,2,1190,1985847,,,,,,
1 x 2049 B,3,1190,1996253,,,,,,
1 x 2049 B,4,1190,1986367,,,,,,
1 x 2049 B,5,1190,1985239,,,,,,
1 x 2049 B,6,1190,1987549,,,,,,
1 x 2049 B,7,1190,1985428,,,,,,
1 x 2049 B,8,1190,1985750,,,,,,
1 x 2049 B,9,1190,1985485,,,,,,
1 x 2049 B,10,1190,1985588,,,,,,
1 x 2049 B,11,1190,1984969,,,,,,
1 x 2049 B,12,1190,1985111,,,,,,
1 x 2049 B,13,1190,1984754,,,,,,
1 x 2049 B,14,1190,1985303,,,,,,
1 x 2049 B,15,1190,1984797,,,,,,
1 x 2049 B,16,1190,1985261,,,,,,
1 x 2049 B,17,1190,1985381,,,,,,
1 x 2049 B,18,1190,1985528,,,,,,
1 x 2049 B,19,1190,1987350,,,,,,
1 x 2049 B,20,1190,1985255,,,,,,
1 x 2049 B,21,1190,1984571,,,,,,
1 x 2049 B,22,1190,1985582,,,,,,
1 x 2049 B,23,1190,1984852,,,,,,
1 x 2049 B,24,1190,1985374,,,,,,
1 x 2049 B,25,1190,1985015,,,,,,
1 x 2049 B,26,1190,1985692,,,,,,
1 x 2049 B,27,1190,1983425,,,,,,
1 x 2049 B,28,1190,1988830,,,,,,
1 x 2049 B,29,1190,1985083,,,,,,
1 x 2049 B,30,1190,1985331,,,,,,
1 x 2049 B,31,1190,1985249,,,,,,
3 x 2049 B,0,401,2005754,,,,,,
3 x 2049 B,1,401,2000955,,,,,,
3 x 2049 B,2,401,2001143,,,,,,
3 x 2049 B,3,401,2002570,,,,,,
3 x 2049 B,4,401,2006466,,,,,,
3 x 2049 B,5,401,2006574,,,,,,
3 x 2049 B,6,401,2012070,,,,,,
3 x 2049 B,7,401,1999975,,,,,,
3 x 2049 B,8,401,1999326,,,,,,
3 x 2049 B,9,401,2000797,,,,,,
3 x 2049 B,10,401,2000023,,,,,,
3 x 2049 B,11,401,1995542,,,,,,
3 x 2049 B,12,401,1999491,,,,,,
3 x 2049 B,13,401,1998079,,,,,,
3 x 2049 B,14,401,1995100,,,,,,
3 x 2049 B,15,401,1996018,,,,,,
3 x 2049 B,16,401,1995374,,,,,,
3 x 2049 B,17,401,1995123,,,,,,
3 x 2049 B,18,401,1996203,,,,,,
3 x 2049 B,19,401,2001245,,,,,,
3 x 2049 B,20,401,1995145,,,,,,
3 x 2049 B,21,401,1995105,,,,,,
3 x 2049 B,22,401,1994739,,,,,,
3 x 2049 B,23,401,1995241,,,,,,
3 x 2049 B,24,401,1995524,,,,,,
3 x 2049 B,25,401,1994757,,,,,,
3 x 2049 B,26,401,2000389,,,,,,
3 x 2049 B,27,401,1994987,,,,,,
3 x 2049 B,28,401,1995222,,,,,,
3 x 2049 B,29,401,1994704,,,,,,
3 x 2049 B,30,401,1995134,,,,,,
3 x 2049 B,31,401,1994990,,,,,,
4 x 2049 B,0,302,1999254,,,,,,
4 x 2049 B,1,302,2005501,,,,,,
4 x 2049 B,2,302,1999454,,,,,,
4 x 2049 B,3,302,1999974,,,,,,
4 x 2049 B,4,302,2001499,,,,,,
4 x 2049 B,5,302,1999605,,,,,,
4 x 2049 B,6,302,1999702,,,,,,
4 x 2049 B,7,302,2006311,,,,,,
4 x 2049 B,8,302,2001768,,,,,,
4 x 2049 B,9,302,2001766,,,,,,
4 x 2049 B,10,302,2001173,,,,,,
4 x 2049 B,11,302,2015223,,,,,,
4 x 2049 B,12,302,2005650,,,,,,
4 x 2049 B,13,302,2010644,,,,,,
4 x 2049 B,14,302,1999662,,,,,,
4 x 2049 B,15,302,2000314,,,,,,
4 x 2049 B,16,302,1999465,,,,,,
4 x 2049 B,17,302,1999455,,,,,,
4 x 2049 B,18,302,1999585,,,,,,
4 x 2049 B,19,302,1999450,,,,,,
4 x 2049 B,20,302,2000385,,,,,,
4 x 2049 B,21,302,1999755,,,,,,
4 x 2049 B,22,302,2000815,,,,,,
4 x 2049 B,23,302,2000459,,,,,,
4 x 2049 B,24,302,2006857,,,,,,
4 x 2049 B,25,302,2006914,,,,,,
4 x 2049 B,26,302,2009341,,,,,,
4 x 2049 B,27,302,2005990,,,,,,
4 x 2049 B,28,302,2007123,,,,,,
4 x 2049 B,29,302,2006271,,,,,,
4 x 2049 B,30,302,2006960,,,,,,
4 x 2049 B,31,302,2006319,,,,,,
6 x 2049 B,0,201,2009020,,,,,,
6 x 2049 B,1,201,2003474,,,,,,
6 x 2049 B,2,201,2002703,,,,,,
6 x 2049 B,3,201,2002373,,,,,,
6 x 2049 B,4,201,2002571,,,,,,
6 x 2049 B,5,201,2003006,,,,,,
6 x 2049 B,6,201,2003160,,,,,,
6 x 2049 B,7,201,2003298,,,,,,
6 x 2049 B,8,201,2002496,,,,,,
6 x 2049 B,9,201,2002943,,,,,,
6 x 2049 B,10,201,2003086,,,,,,
6 x 2049 B,11,201,2003427,,,,,,
6 x 2049 B,12,201,2002625,,,,,,
6 x 2049 B,13,201,1993217,,,,,,
6 x 2049 B,14,201,2004426,,,,,,
6 x 2049 B,15,201,2006311,,,,,,
6 x 2049 B,16,201,2005178,,,,,,
6 x 2049 B,17,201,2000792,,,,,,
6 x 2049 B,18,201,1995910,,,,,,
6 x 2049 B,19,201,2000351,,,,,,
6 x 2049 B,20,201,1989932,,,,,,
6 x 2049 B,21,201,1989561,,,,,,
6 x 2049 B,22,201,1990016,,,,,,
6 x 2049 B,23,201,1989625,,,,,,
6 x 2049 B,24,201,1989836,,,,,,
6 x 2049 B,25,201,1990022,,,,,,
6 x 2049 B,26,201,1989030,,,,,,
6 x 2049 B,27,201,1988001,,,,,,
6 x 2049 B,28,201,1987566,,,,,,
6 x 2049 B,29,201,1987991,,,,,,
6 x 2049 B,30,201,1986362,,,,,,
6 x 2049 B,31,201,1993669,,,,,,
8 x 2049 B,0,152,2006267,,,,,,
8 x 2049 B,1,152,2007352,,,,,,
8 x 2049 B,2,152,2006471,,,,,,
8 x 2049 B,3,152,2006076,,,,,,
8 x 2049 B,4,152,2006866,,,,,,
8 x 2049 B,5,152,2006226,,,,,,
8 x 2049 B,6,152,2005958,,,,,,
8 x 2049 B,7,152,2006271,,,,,,
8 x 2049 B,8,152,2006149,,,,,,
8 x 2049 B,9,152,2006332,,,,,,
8 x 2049 B,10,152,2007778,,,,,,
8 x 2049 B,11,152,2006851,,,,,,
8 x 2049 B,12,152,2007274,,,,,,
8 x 2049 B,13,152,2006296,,,,,,
8 x 2049 B,14,152,2007167,,,,,,
8 x 2049 B,15,152,2006339,,,,,,
8 x 2049 B,16,152,2007549,,,,,,
8 x 2049 B,17,152,2006356,,,,,,
8 x 2049 B,18,152,2007228,,,,,,
8 x 2049 B,19,152,2006374,,,,,,
8 x 2049 B,20,152,2004185,,,,,,
8 x 2049 B,21,152,2014485,,,,,,
8 x 2049 B,22,152,2007868,,,,,,
8 x 2049 B,23,152,2007774,,,,,,
8 x 2049 B,24,152,2015099,,,,,,
8 x 2049 B,25,152,2011923,,,,,,
8 x 2049 B,26,152,2020362,,,,,,
8 x 2049 B,27,152,2007798,,,,,,
8 x 2049 B,28,152,2007543,,,,,,
8 x 2049 B,29,152,2007108,,,,,,
8 x 2049 B,30,152,2008616,,,,,,
8 x 2049 B,31,152,2006729,,,,,,
12 x 2049 B,0,101,2385653,,,,,,
12 x 2049 B,1,101,2001215,,,,,,
12 x 2049 B,2,101,2001317,,,,,,
12 x 2049 B,3,101,1999659,,,,,,
12 x 2049 B,4,101,1998784,,,,,,
12 x 2049 B,5,101,1999508,,,,,,
12 x 2049 B,6,101,1998734,,,,,,
12 x 2049 B,7,101,1998976,,,,,,
12 x 2049 B,8,101,1998964,,,,,,
12 x 2049 B,9,101,1997563,,,,,,
12 x 2049 B,10,101,1998484,,,,,,
12 x 2049 B,11,101,1998736,,,,,,
12 x 2049 B,12,101,1998021,,,,,,
12 x 2049 B,13,101,1999540,,,,,,
12 x 2049 B,14,101,1998613,,,,,,
12 x 2049 B,15,101,1999016,,,,,,
12 x 2049 B,16,101,2000046,,,,,,
12 x 2049 B,17,101,1999413,,,,,,
12 x 2049 B,18,101,1998574,,,,,,
12 x 2049 B,19,101,1999019,,,,,,
12 x 2049 B,20,101,1999284,,,,,,
12 x 2049 B,21,101,2000850,,,,,,
12 x 2049 B,22,101,1999937,,,,,,
12 x 2049 B,23,101,1999471,,,,,,
12 x 2049 B,24,101,2000880,,,,,,
12 x 2049 B,25,101,2000240,,,,,,
12 x 2049 B,26,101,1999371,,,,,,
12 x 2049 B,27,101,2002144,,,,,,
12 x 2049 B,28,101,2005415,,,,,,
12 x 2049 B,29,101,2000639,,,,,,
12 x 2049 B,30,101,2012146,,,,,,
12 x 2049 B,31,101,2010394,,,,,,
16 x 2049 B,0,76,2010033,,,,,,
16 x 2049 B,1,76,2009352,,,,,,
16 x 2049 B,2,76,2009311,,,,,,
16 x 2049 B,3,76,2008220,,,,,,
16 x 2049 B,4,76,2007820,,,,,,
16 x 2049 B,5,76,2006148,,,,,,
16 x 2049 B,6,76,2007271,,,,,,
16 x 2049 B,7,76,2006396,,,,,,
16 x 2049 B,8,76,2005440,,,,,,
16 x 2049 B,9,76,2006330,,,,,,
16 x 2049 B,10,76,2006284,,,,,,
16 x 2049 B,11,76,2007357,,,,,,
16 x 2049 B,12,76,2007290,,,,,,
16 x 2049 B,13,76,2005899,,,,,,
16 x 2049 B,14,76,2005792,,,,,,
16 x 2049 B,15,76,2005571,,,,,,
16 x 2049 B,16,76,2004956,,,,,,
16 x 2049 B,17,76,2006023,,,,,,
16 x 2049 B,18,76,2004593,,,,,,
16 x 2049 B,19,76,2005852,,,,,,
16 x 2049 B,20,76,2006644,,,,,,
16 x 2049 B,21,76,2006155,,,,,,
16 x 2049 B,22,76,2006143,,,,,,
16 x 2049 B,23,76,2005466,,,,,,
16 x 2049 B,24,76,2006693,,,,,,
16 x 2049 B,25,76,2008042,,,,,,
16 x 2049 B,26,76,2007274,,,,,,
16 x 2049 B,27,76,2006927,,,,,,
16 x 2049 B,28,76,2007442,,,,,,
16 x 2049 B,29,76,2012482,,,,,,
16 x 2049 B,30,76,2007421,,,,,,
16 x 2049 B,31,76,2008899,,,,,,
24 x 2049 B,0,51,2026080,,,,,,
24 x 2049 B,1,51,2026969,,,,,,
24 x 2049 B,2,51,2030720,,,,,,
24 x 2049 B,3,51,2028898,,,,,,
24 x 2049 B,4,51,2029238,,,,,,
24 x 2049 B,5,51,2031795,,,,,,
24 x 2049 B,6,51,2032977,,,,,,
24 x 2049 B,7,51,2037194,,,,,,
24 x 2049 B,8,51,2028429,,,,,,
24 x 2049 B,9,51,2026842,,,,,,
24 x 2049 B,10,51,2025533,,,,,,
24 x 2049 B,11,51,2026064,,,,,,
24 x 2049 B,12,51,2026270,,,,,,
24 x 2049 B,13,51,2025380,,,,,,
24 x 2049 B,14,51,2025091,,,,,,
24 x 2049 B,15,51,2025606,,,,,,
24 x 2049 B,16,51,2027554,,,,,,
24 x 2049 B,17,51,2025838,,,,,,
24 x 2049 B,18,51,2024796,,,,,,
24 x 2049 B,19,51,2025920,,,,,,
24 x 2049 B,20,51,2026638,,,,,,
24 x 2049 B,21,51,2025385,,,,,,
24 x 2049 B,22,51,2026218,,,,,,
24 x 2049 B,23,51,2026237,,,,,,
24 x 2049 B,24,51,2026896,,,,,,
24 x 2049 B,25,51,2027249,,,,,,
24 x 2049 B,26,51,2025958,,,,,,
24 x 2049 B,27,51,2092163,,,,,,
24 x 2049 B,28,51,2030696,,,,,,
24 x 2049 B,29,51,2027964,,,,,,
24 x 2049 B,30,51,2027786,,,,,,
24 x 2049 B,31,51,2026261,,,,,,
64 x 2049 B,0,19,2011458,,,,,,
64 x 2049 B,1,19,2011667,,,,,,
64 x 2049 B,2,19,2011820,,,,,,
64 x 2049 B,3,19,2012006,,,,,,
64 x 2049 B,4,19,2011463,,,,,,
64 x 2049 B,5,19,2011591,,,,,,
64 x 2049 B,6,19,2014197,,,,,,
64 x 2049 B,7,19,2013028,,,,,,
64 x 2049 B,8,19,2017455,,,,,,
64 x 2049 B,9,19,2013962,,,,,,
64 x 2049 B,10,19,2014967,,,,,,
64 x 2049 B,11,19,2022751,,,,,,
64 x 2049 B,12,19,2014698,,,,,,
64 x 2049 B,13,19,2010551,,,,,,
64 x 2049 B,14,19,2010685,,,,,,
64 x 2049 B,15,19,2009628,,,,,,
64 x 2049 B,16,19,2009784,,,,,,
64 x 2049 B,17,19,2009533,,,,,,
64 x 2049 B,18,19,2010195,,,,,,
64 x 2049 B,19,19,2010013,,,,,,
64 x 2049 B,20,19,2010087,,,,,,
64 x 2049 B,21,19,2010787,,,,,,
64 x 2049 B,22,19,2009924,,,,,,
64 x 2049 B,23,19,2009767,,,,,,
64 x 2049 B,24,19,2009711,,,,,,
64 x 2049 B,25,19,2009559,,,,,,
64 x 2049 B,26,19,2009824,,,,,,
64 x 2049 B,27,19,2010270,,,,,,
64 x 2049 B,28,19,2009530,,,,,,
64 x 2049 B,29,19,2009075,,,,,,
64 x 2049 B,30,19,2009901,,,,,,
64 x 2049 B,31,19,2010405,,,,,,
128 x 2049 B,0,10,2116945,,,,,,
128 x 2049 B,1,10,2115607,,,,,,
128 x 2049 B,2,10,2115668,,,,,,
128 x 2049 B,3,10,2115243,,,,,,
128 x 2049 B,4,10,2115046,,,,,,
128 x 2049 B,5,10,2115441,,,,,,
128 x 2049 B,6,10,2115415,,,,,,
128 x 2049 B,7,10,2115030,,,,,,
128 x 2049 B,8,10,2117207,,,,,,
128 x 2049 B,9,10,2115940,,,,,,
128 x 2049 B,10,10,2114896,,,,,,
128 x 2049 B,11,10,2115337,,,,,,
128 x 2049 B,12,10,2114818,,,,,,
128 x 2049 B,13,10,2116793,,,,,,
128 x 2049 B,14,10,2128252,,,,,,
128 x 2049 B,15,10,2119543,,,,,,
128 x 2049 B,16,10,2118201,,,,,,
128 x 2049 B,17,10,2142457,,,,,,
128 x 2049 B,18,10,2119502,,,,,,
128 x 2049 B,19,10,2125867,,,,,,
128 x 2049 B,20,10,2117698,,,,,,
128 x 2049 B,21,10,2118436,,,,,,
128 x 2049 B,22,10,2117097,,,,,,
128 x 2049 B,23,10,2117422,,,,,,
128 x 2049 B,24,10,2118703,,,,,,
128 x 2049 B,25,10,2118965,,,,,,
128 x 2049 B,26,10,2117078,,,,,,
128 x 2049 B,27,10,2116649,,,,,,
128 x 2049 B,28,10,2117417,,,,,,
128 x 2049 B,29,10,2116941,,,,,,
128 x 2049 B,30,10,2116638,,,,,,
128 x 2049 B,31,10,2116851,,,,,,
129 x 2049 B,0,10,2133586,,,,,,
129 x 2049 B,1,10,2133263,,,,,,
129 x 2049 B,2,10,2133729,,,,,,
129 x 2049 B,3,10,2134337,,,,,,
129 x 2049 B,4,10,2133880,,,,,,
129 x 2049 B,5,10,2133053,,,,,,
129 x 2049 B,6,10,2135683,,,,,,
129 x 2049 B,7,10,2133698,,,,,,
129 x 2049 B,8,10,2143306,,,,,,
129 x 2049 B,9,10,2134678,,,,,,
129 x 2049 B,10,10,2133460,,,,,,
129 x 2049 B,11,10,2133984,,,,,,
129 x 2049 B,12,10,2133800,,,,,,
129 x 2049 B,13,10,2136311,,,,,,
129 x 2049 B,14,10,2133656,,,,,,
129 x 2049 B,15,10,2133349,,,,,,
129 x 2049 B,16,10,2134060,,,,,,
129 x 2049 B,17,10,2133806,,,,,,
129 x 2049 B,18,10,2152953,,,,,,
129 x 2049 B,19,10,2136266,,,,,,
129 x 2049 B,20,10,2139593,,,,,,
129 x 2049 B,21,10,2141570,,,,,,
129 x 2049 B,22,10,2141265,,,,,,
129 x 2049 B,23,10,2144008,,,,,,
129 x 2049 B,24,10,2135224,,,,,,
129 x 2049 B,25,10,2149415,,,,,,
129 x 2049 B,26,10,2135108,,,,,,
129 x 2049 B,27,10,2137463,,,,,,
129 x 2049 B,28,10,2134585,,,,,,
129 x 2049 B,29,10,2133928,,,,,,
129 x 2049 B,30,10,2136727,,,,,,
129 x 2049 B,31,10,2136678,,,,,,
1024 x 2049 B,0,2,3397970,,,,,,
1024 x 2049 B,1,2,3394657,,,,,,
1024 x 2049 B,2,2,3394394,,,,,,
1024 x 2049 B,3,2,3423877,,,,,,
1024 x 2049 B,4,2,3405120,,,,,,
1024 x 2049 B,5,2,3403659,,,,,,
1024 x 2049 B,6,2,3397317,,,,,,
1024 x 2049 B,7,2,3394714,,,,,,
1024 x 2049 B,8,2,3396289,,,,,,
1024 x 2049 B,9,2,3396912,,,,,,
1024 x 2049 B,10,2,3398218,,,,,,
1024 x 2049 B,11,2,3401355,,,,,,
1024 x 2049 B,12,2,3401227,,,,,,
1024 x 2049 B,13,2,3412151,,,,,,
1024 x 2049 B,14,2,3415648,,,,,,
1024 x 2049 B,15,2,3439736,,,,,,
1024 x 2049 B,16,2,3409801,,,,,,
1024 x 2049 B,17,2,3386661,,,,,,
1024 x 2049 B,18,2,3389917,,,,,,
1024 x 2049 B,19,2,3388419,,,,,,
1024 x 2049 B,20,2,3392140,,,,,,
1024 x 2049 B,21,2,3394704,,,,,,
1024 x 2049 B,22,2,3394288,,,,,,
1024 x 2049 B,23,2,3396674,,,,,,
1024 x 2049 B,24,2,3394274,,,,,,
1024 x 2049 B,25,2,3398054,,,,,,
1024 x 2049 B,26,2,3394464,,,,,,
1024 x 2049 B,27,2,3395022,,,,,,
1024 x 2049 B,28,2,3399199,,,,,,
1024 x 2049 B,29,2,3396775,,,,,,
1024 x 2049 B,30,2,3399154,,,,,,
1024 x 2049 B,31,2,3394845,,,,,,
